{
  "22": {
    "arm_accuracy": {
      "max": 19.0,
      "scale": 1.7375,
      "thresh": 3.9
    },
    "arm_strength": {
      "max": 19.0,
      "scale": 1.7375,
      "thresh": 3.9
    },
    "batting_clutch": {
      "max": 21.499999999999986,
      "scale": 0.6333333333333333,
      "thresh": 7.299999999999999
    },
    "bb_per_9": {
      "max": 21.199999999999974,
      "scale": 0.42857142857142855,
      "thresh": 9.0
    },
    "contact_left": {
      "max": 13.599999999999998,
      "scale": 0.36397058823529416,
      "thresh": 8.600000000000001
    },
    "contact_right": {
      "max": 13.199999999999996,
      "scale": 0.6666666666666666,
      "thresh": 5.799999999999999
    },
    "fielding_ability": {
      "max": 19.0,
      "scale": 1.7375,
      "thresh": 3.9
    },
    "h_per_9": {
      "max": 16.19999999999999,
      "scale": 0.2,
      "thresh": 14.2
    },
    "k_per_9": {
      "max": 13.7,
      "scale": 0.36363636363636365,
      "thresh": 7.6
    },
    "pitch_control": {
      "max": 16.04999999999999,
      "scale": 0.4571428571428572,
      "thresh": 5.3999999999999995
    },
    "pitch_movement": {
      "max": 29.25,
      "scale": 0.9829059829059829,
      "thresh": 16.799999999999997
    },
    "pitch_velocity": {
      "max": 22.299999999999994,
      "scale": 0.2111111111111111,
      "thresh": 15.599999999999998
    },
    "pitching_clutch": {
      "max": 20.5,
      "scale": 0.9047619047619048,
      "thresh": 8.0
    },
    "plate_discipline": {
      "max": 10.0,
      "scale": 0.3333333333333333,
      "thresh": 9.0
    },
    "plate_vision": {
      "max": 5.0,
      "scale": 0.18518518518518517,
      "thresh": 19.0
    },
    "power_left": {
      "max": 9.099999999999998,
      "scale": 0.3333333333333333,
      "thresh": 14.0
    },
    "power_right": {
      "max": 17.199999999999996,
      "scale": 0.5882352941176471,
      "thresh": 9.600000000000001
    },
    "reaction_time": {
      "max": 19.0,
      "scale": 1.7375,
      "thresh": 3.9
    },
    "speed": {
      "max": 13.0,
      "scale": 0.8125,
      "thresh": 16.0
    },
    "stamina": {
      "max": 30.0,
      "scale": 2.0,
      "thresh": 5.0
    }
  },
  "23": {
    "arm_accuracy": {
      "max": 14.375,
      "scale": 0.99375,
      "thresh": 8.3
    },
    "arm_strength": {
      "max": 14.375,
      "scale": 0.99375,
      "thresh": 8.3
    },
    "batting_clutch": {
      "max": 25.0,
      "scale": 1.0416666666666667,
      "thresh": 7.0
    },
    "bb_per_9": {
      "max": 16.099999999999994,
      "scale": 0.6666666666666666,
      "thresh": 6.699999999999999
    },
    "contact_left": {
      "max": 17.0,
      "scale": 0.875,
      "thresh": 4.0
    },
    "contact_right": {
      "max": 19.75,
      "scale": 1.0795454545454546,
      "thresh": 6.0
    },
    "fielding_ability": {
      "max": 14.375,
      "scale": 0.99375,
      "thresh": 8.3
    },
    "h_per_9": {
      "max": 13.75,
      "scale": 0.5470085470085471,
      "thresh": 13.5
    },
    "k_per_9": {
      "max": 18.0,
      "scale": 0.8674242424242424,
      "thresh": 3.0
    },
    "pitch_control": {
      "max": 16.55,
      "scale": 0.7330827067669172,
      "thresh": 15.5
    },
    "pitch_velocity": {
      "max": 18.0,
      "scale": 0.9473684210526315,
      "thresh": 19.0
    },
    "pitching_clutch": {
      "max": 23.4,
      "scale": 0.9545454545454546,
      "thresh": 12.0
    },
    "plate_discipline": {
      "max": 20.6,
      "scale": 0.9583333333333333,
      "thresh": 5.8
    },
    "plate_vision": {
      "max": 12.299999999999994,
      "scale": 0.375,
      "thresh": 8.0
    },
    "power_left": {
      "max": 14.2,
      "scale": 0.8888888888888888,
      "thresh": 3.4
    },
    "power_right": {
      "max": 20.0,
      "scale": 0.7348484848484849,
      "thresh": 9.1
    },
    "reaction_time": {
      "max": 14.375,
      "scale": 0.99375,
      "thresh": 8.3
    },
    "speed": {
      "max": 16.85,
      "scale": 0.9413185564080704,
      "thresh": 12.2
    },
    "stamina": {
      "max": 23.75,
      "scale": 0.4,
      "thresh": 17.0
    }
  },
  "24": {
    "arm_accuracy": {
      "max": 9.0,
      "scale": 1.6071428571428572,
      "thresh": 5.15
    },
    "arm_strength": {
      "max": 9.0,
      "scale": 1.6071428571428572,
      "thresh": 5.15
    },
    "batting_clutch": {
      "max": 20.0,
      "scale": 0.8,
      "thresh": 7.0
    },
    "bb_per_9": {
      "max": 9.0,
      "scale": 0.7,
      "thresh": 3.299999999999999
    },
    "contact_left": {
      "max": 12.899999999999999,
      "scale": 0.4145299145299145,
      "thresh": 7.6
    },
    "contact_right": {
      "max": 13.649999999999991,
      "scale": 0.6666666666666666,
      "thresh": 6.0
    },
    "fielding_ability": {
      "max": 9.0,
      "scale": 1.6071428571428572,
      "thresh": 5.15
    },
    "h_per_9": {
      "max": 14.0,
      "scale": 0.42857142857142855,
      "thresh": 11.099999999999998
    },
    "hr_per_9": {
      "max": 9.549999999999999,
      "scale": 1.0277777777777777,
      "thresh": 8.2
    },
    "k_per_9": {
      "max": 14.199999999999996,
      "scale": 0.7777777777777778,
      "thresh": 4.799999999999999
    },
    "pitch_control": {
      "max": 9.95,
      "scale": 0.9015151515151515,
      "thresh": 14.1
    },
    "pitch_movement": {
      "max": 8.0,
      "scale": 0.28095238095238095,
      "thresh": 27.3
    },
    "pitch_velocity": {
      "max": 22.0,
      "scale": 0.4947089947089947,
      "thresh": 17.5
    },
    "pitching_clutch": {
      "max": 22.150000000000002,
      "scale": 0.8991596638655461,
      "thresh": 9.200000000000001
    },
    "plate_discipline": {
      "max": 18.0,
      "scale": 1.2857142857142858,
      "thresh": 4.6
    },
    "plate_vision": {
      "max": 13.499999999999993,
      "scale": 0.5714285714285714,
      "thresh": 6.6
    },
    "power_left": {
      "max": 10.799999999999997,
      "scale": 0.6691176470588236,
      "thresh": 4.0
    },
    "power_right": {
      "max": 13.899999999999999,
      "scale": 0.5166666666666666,
      "thresh": 6.299999999999999
    },
    "reaction_time": {
      "max": 9.0,
      "scale": 1.6071428571428572,
      "thresh": 5.15
    },
    "speed": {
      "max": 16.5,
      "scale": 1.4503676470588236,
      "thresh": 10.0
    },
    "stamina": {
      "max": 25.75,
      "scale": 0.08492822966507177,
      "thresh": 17.5
    }
  },
  "25": {
    "arm_accuracy": {
      "max": 14.0,
      "scale": 1.125,
      "thresh": 8.0
    },
    "arm_strength": {
      "max": 14.0,
      "scale": 1.125,
      "thresh": 8.0
    },
    "batting_clutch": {
      "max": 14.649999999999999,
      "scale": 0.44281045751633985,
      "thresh": 8.0
    },
    "bb_per_9": {
      "max": 12.049999999999997,
      "scale": 0.4,
      "thresh": 8.399999999999999
    },
    "contact_left": {
      "max": 8.0,
      "scale": 0.2857142857142857,
      "thresh": 7.0
    },
    "contact_right": {
      "max": 14.849999999999998,
      "scale": 0.6363636363636364,
      "thresh": 5.0
    },
    "fielding_ability": {
      "max": 14.0,
      "scale": 1.125,
      "thresh": 8.0
    },
    "h_per_9": {
      "max": 22.10000000000001,
      "scale": 0.36363636363636365,
      "thresh": 10.0
    },
    "hr_per_9": {
      "max": 9.0,
      "scale": 0.8333333333333333,
      "thresh": 1.5
    },
    "k_per_9": {
      "max": 13.0,
      "scale": 0.5,
      "thresh": 4.0
    },
    "pitch_control": {
      "max": 26.099999999999998,
      "scale": 0.6428571428571429,
      "thresh": 16.6
    },
    "pitch_velocity": {
      "max": 9.95,
      "scale": 0.08823529411764706,
      "thresh": 20.5
    },
    "pitching_clutch": {
      "max": 17.299999999999983,
      "scale": 0.7946428571428572,
      "thresh": 8.0
    },
    "plate_discipline": {
      "max": 13.2,
      "scale": 0.5714285714285714,
      "thresh": 11.4
    },