{
  "batting_clutch": {
    "avg": 10.529646932812875,
    "intercept": 70.33361487849108,
    "iso": 9.030768168628443,
    "k_pct": -0.49633184529181357
  },
  "bb_per_9": {
    "bb9": 1.1107161545511846e-27,
    "intercept": 69.10317460317461
  },
  "contact_left": {
    "avg": 25.2041413996058,
    "intercept": 55.93219904611338
  },
  "contact_right": {
    "avg": 47.465683762544586,
    "intercept": 51.251420240047906,
    "iso": -0.9995473016521706
  },
  "h_per_9": {
    "bb9": -2.865142807762715e-27,
    "intercept": 78.672,
    "k9": -9.895471195092372e-27
  },
  "h_per_9_r": {
    "bb9": 0.8604628397354999,
    "intercept": 57.05402870980041,
    "k9": -2.447828145503732,
    "k_pct": 1.2139994960200864
  },
  "k_per_9": {
    "intercept": 72.08904109589041,
    "k_pct": 0.0
  },
  "k_per_9_l": {
    "bb9": 0.3329154851657077,
    "intercept": 45.29583380170411,
    "k9": 1.762908855930183
  },
  "k_per_9_r": {
    "bb9": 0.2144154642068227,
    "intercept": 45.35364578310082,
    "k9": 1.7009807164518933
  },
  "pitch_control": {
    "bb_pct": -0.3987967324848254,
    "intercept": 61.91258286979526,
    "k_pct": -0.09914973482471628
  },
  "pitching_clutch": {
    "bb_pct": 0.16905925558243312,
    "intercept": 61.50007092904109,
    "k9": -2.1151195653625465,
    "k_pct": 1.004076673274097
  },
  "plate_discipline": {
    "bb_pct": 0.0,
    "intercept": 71.45
  },
  "plate_vision": {
    "intercept": 82.51566808904089,
    "k_pct": -0.9373577578806087
  },
  "power_left": {
    "intercept": 51.40311056617289,
    "iso": 31.768927281435914
  },
  "power_right": {
    "intercept": 50.69362436162115,
    "iso": 49.5577004781994
  },
  "stamina": {
    "intercept": 49.24277601640644,
    "ip": 1.4383194204931435
  }
}