player_name,team,position,current_ovr,current_rarity,predicted_ovr_delta,projected_ovr,upgrade_probability,downgrade_probability,expected_qs_gain,signal
Leo Bernal,Cardinals,C,67,Bronze,2.24,69,0.9314,0.0093,0.0,UP
Victor Mesa Jr.,Rays,RF,76,Silver,2.23,78,0.9251,0.0204,83.2,UP
Rafael Flores,Pirates,C,73,Bronze,2.2,75,0.9209,0.017,30.1,UP
Brendan Cellucci,Blue Jays,RP,64,Common,2.08,66,0.8966,0.0292,17.9,UP
Elly De La Cruz,Reds,SS,87,Diamond,1.98,89,0.8731,0.061,1616.5,UP
Carson Benge,Mets,RF,81,Gold,1.93,83,0.862,0.0459,536.6,UP
Randy Arozarena,Mariners,LF,83,Gold,1.92,85,0.8593,0.0528,1069.0,UP
Christian Encarnacion,Orioles,3B,72,Bronze,1.91,74,0.8509,0.0253,10.6,UP
Eduardo Valencia,Tigers,C,71,Bronze,1.91,73,0.849,0.0236,3.8,UP
Nolan Arenado,Diamondbacks,3B,81,Gold,1.88,83,0.8488,0.0492,517.7,UP
Brice Turang,Brewers,2B,81,Gold,1.88,83,0.8478,0.0495,516.4,UP
Oneil Cruz,Pirates,CF,83,Gold,1.86,85,0.8433,0.0574,1024.8,UP
Carter Jensen,Royals,C,78,Silver,1.83,80,0.8304,0.0438,197.5,UP
Cole Carrigg,Rockies,CF,79,Silver,1.81,81,0.827,0.0476,367.5,UP
Gabriel Moreno,Diamondbacks,C,84,Gold,1.78,86,0.8224,0.0671,1636.4,UP
Jackson Chourio,Brewers,LF,87,Diamond,1.75,89,0.8124,0.0831,1398.9,UP
Fernando Tatis Jr.,Padres,RF,91,Diamond,1.69,93,0.7962,0.1086,666.2,UP
Randal Grichuk,White Sox,RF,79,Silver,1.72,81,0.7955,0.0538,344.8,UP
Angel Martinez,Guardians,LF,78,Silver,1.69,80,0.7814,0.0527,173.3,UP
Hagen Smith,White Sox,RP,68,Bronze,1.76,70,0.7812,0.0631,0.0,UP
Brett Bateman,Blue Jays,CF,68,Bronze,1.67,70,0.7543,0.026,0.0,UP
Yainer Diaz,Astros,C,83,Gold,1.58,85,0.7517,0.081,816.7,UP
Jackson Merrill,Padres,CF,84,Gold,1.57,86,0.7497,0.0868,1439.4,UP
Riley Cornelio,Nationals,RP,57,Common,1.6,59,0.7282,0.0299,0.0,UP
Chase Meidroth,White Sox,2B,78,Silver,1.55,80,0.7264,0.0617,150.6,UP
Wade Meckler,Angels,LF,68,Bronze,1.61,70,0.7256,0.028,0.0,UP
Isaac Paredes,Astros,3B,78,Silver,1.53,80,0.7154,0.0634,146.4,UP
Alex Bregman,Cubs,3B,82,Gold,1.49,83,0.7139,0.0841,439.0,UP
Konnor Griffin,Pirates,SS,74,Bronze,1.51,76,0.6948,0.0492,32.7,UP
George Lombard Jr.,Yankees,SS,74,Bronze,1.48,75,0.6784,0.0509,31.6,UP
José Siri,Angels,CF,73,Bronze,1.45,74,0.6575,0.049,14.6,UP
Robert Gasser,Brewers,SP,78,Silver,1.51,80,0.6505,0.1533,151.9,UP
Max Clark,Tigers,CF,71,Bronze,1.45,72,0.65,0.0423,1.8,UP
Dominic Canzone,Mariners,LF,78,Silver,1.38,79,0.6482,0.0732,123.4,UP
Donovan Walton,Athletics,SS,66,Bronze,1.46,67,0.6411,0.0282,-0.1,UP
Ben Malgeri,Tigers,LF,67,Bronze,1.45,68,0.6367,0.0309,0.0,UP
Tayler Saucedo,Angels,RP,68,Bronze,1.46,69,0.6302,0.0842,0.0,UP
Brandon Lowe,Pirates,2B,81,Gold,1.32,82,0.6292,0.0939,303.9,UP
Henry Bolte,Athletics,CF,76,Silver,1.36,77,0.6251,0.0656,34.0,UP
Jeremy Peña,Astros,SS,85,Diamond,1.25,86,0.6161,0.1255,513.2,UP
Kevin McGonigle,Tigers,SS,77,Silver,1.32,78,0.6126,0.0723,50.6,UP
Jackson Jobe,Tigers,SP,72,Bronze,1.43,73,0.6117,0.1133,7.0,UP
David Peterson,Cubs,SP,68,Bronze,1.42,69,0.605,0.0868,0.0,UP
Griffin Conine,Marlins,RF,76,Silver,1.32,77,0.6047,0.0679,32.1,UP
Dustin Harris,Padres,LF,69,Bronze,1.38,70,0.6014,0.0389,0.0,UP
Juan Brito,Reds,2B,57,Common,1.4,58,0.5951,0.0133,0.0,UP
Mauricio Dubón,Braves,SS,82,Gold,1.23,83,0.5903,0.1074,313.1,UP
Mookie Betts,Dodgers,SS,85,Diamond,1.19,86,0.5836,0.1326,454.9,UP
Sam Antonacci,White Sox,LF,74,Bronze,1.3,75,0.5834,0.06,26.0,UP
Jacob Waguespack,Tigers,RP,71,Bronze,1.37,72,0.5796,0.1099,2.2,UP
Zack Gelof,Athletics,3B,78,Silver,1.23,79,0.5704,0.0831,100.3,UP
Javier Sanoja,Marlins,3B,82,Gold,1.19,83,0.5686,0.1111,293.7,UP
Jack Sinclair,Nationals,RP,58,Common,1.35,59,0.5684,0.0408,0.0,UP
A.J. Ewing,Mets,CF,73,Bronze,1.27,74,0.5631,0.057,11.3,UP
Andrés Chaparro,Nationals,1B,72,Bronze,1.27,73,0.5549,0.0532,4.0,UP
Michael Harris II,Braves,CF,87,Diamond,1.09,88,0.5467,0.1593,709.6,UP
Will Smith,Dodgers,C,84,Gold,1.11,85,0.5422,0.1322,958.0,UP
Pete Crow-Armstrong,Cubs,CF,94,Diamond,1.04,95,0.5398,0.2375,-23.9,UP
Jonny DeLuca,Rays,RF,79,Silver,1.14,80,0.5287,0.0946,198.7,UP
Spencer Torkelson,Tigers,1B,75,Silver,1.18,76,0.5246,0.0702,20.6,UP
Andrew Alvarez,Nationals,SP,72,Bronze,1.28,73,0.5229,0.1237,5.5,UP
Vinnie Pasquantino,Royals,1B,73,Bronze,1.2,74,0.5226,0.06,10.1,UP
Reid Detmers,Angels,SP,82,Gold,1.25,83,0.5177,0.2233,301.9,UP
Coby Mayo,Orioles,3B,76,Silver,1.14,77,0.5106,0.0771,24.4,UP
Yordan Alvarez,Astros,LF,93,Diamond,0.97,94,0.5084,0.2373,-78.0,UP
Adrian Morejon,Padres,RP,80,Gold,1.23,81,0.5038,0.2036,160.1,UP
Danny Jansen,Rangers,C,70,Bronze,1.2,71,0.5006,0.0481,0.0,UP
Jonah Tong,Mets,SP,72,Bronze,1.24,73,0.5001,0.1257,5.1,UP
Jared Jones,Pirates,SP,80,Gold,1.21,81,0.4954,0.205,155.5,HOLD
Wyatt Olds,Red Sox,RP,59,Common,1.24,60,0.4916,0.047,0.0,HOLD
Lucas Spence,Astros,CF,62,Common,1.24,63,0.4912,0.0242,3.7,HOLD
Cade Smith,Guardians,CP,85,Diamond,1.19,86,0.4857,0.2659,192.5,HOLD
Miguel Ullola,Astros,RP,63,Common,1.22,64,0.4774,0.0659,6.6,HOLD
Ranger Suarez,Red Sox,SP,75,Silver,1.15,76,0.4572,0.1566,17.3,HOLD
Brandyn Garcia,Diamondbacks,RP,79,Silver,1.14,80,0.4569,0.1991,186.2,HOLD
Cooper Pratt,Brewers,SS,69,Bronze,1.12,70,0.4535,0.0464,0.0,HOLD
Michael Rucker,Mariners,RP,68,Bronze,1.17,69,0.4523,0.0975,-0.1,HOLD
Joey Cantillo,Guardians,SP,71,Bronze,1.16,72,0.4509,0.1207,1.5,HOLD
Josh Walker,Orioles,RP,65,Bronze,1.18,66,0.45,0.078,-1.6,HOLD
Samad Taylor,Padres,LF,70,Bronze,1.11,71,0.4494,0.0506,0.0,HOLD
Joe Mack,Marlins,C,74,Bronze,1.05,75,0.4427,0.0706,18.6,HOLD
Brett Baty,Mets,2B,68,Bronze,1.1,69,0.4363,0.0432,0.0,HOLD
Ben Rice,Yankees,1B,85,Diamond,0.89,86,0.4362,0.1607,213.5,HOLD
Ethan Salas,Padres,C,65,Bronze,1.13,66,0.435,0.0334,-0.7,HOLD
Brayan Bello,Red Sox,RP,66,Bronze,1.15,67,0.4345,0.0846,-0.6,HOLD
Luke Keaschall,Twins,RF,77,Silver,0.98,78,0.4312,0.0903,27.8,HOLD
Brent Suter,Braves,RP,67,Bronze,1.14,68,0.4299,0.0914,-0.1,HOLD
Brayan Rocchio,Guardians,SS,76,Silver,0.98,77,0.4226,0.0841,18.1,HOLD
Dean Kremer,Twins,SP,74,Bronze,1.09,75,0.4181,0.1493,19.4,HOLD
Pete Alonso,Orioles,1B,82,Gold,0.89,83,0.4171,0.1328,173.3,HOLD
Steven Kwan,Guardians,CF,78,Silver,0.93,79,0.4093,0.0993,60.9,HOLD
David Sandlin,White Sox,SP,67,Bronze,1.1,68,0.407,0.0919,-0.1,HOLD
Jordan Montgomery,Rangers,RP,61,Common,1.12,62,0.4055,0.0575,2.3,HOLD
Edmundo Sosa,Phillies,2B,79,Silver,0.9,80,0.4037,0.1076,143.4,HOLD
Teoscar Hernández,Dodgers,LF,79,Silver,0.89,80,0.3995,0.108,141.7,HOLD
Matt Wilkinson,Giants,SP,67,Bronze,1.08,68,0.3968,0.0921,-0.1,HOLD
Jordan Lawlar,Diamondbacks,CF,68,Bronze,1.03,69,0.3962,0.0446,0.0,HOLD
Otto Lopez,Marlins,SS,84,Gold,0.81,85,0.3933,0.1563,648.1,HOLD
Justin Martinez,Diamondbacks,RP,76,Silver,1.03,77,0.3921,0.1709,18.1,HOLD
Lawrence Butler,Athletics,RF,72,Bronze,0.98,73,0.3918,0.0625,2.1,HOLD
Kyle Tucker,Dodgers,RF,79,Silver,0.87,80,0.3893,0.1089,137.4,HOLD
Drake Baldwin,Braves,C,84,Gold,0.79,85,0.3848,0.1575,630.9,HOLD
Jack Perkins,Athletics,SP,70,Bronze,1.04,71,0.3765,0.1148,0.0,HOLD
Josh Jung,Rangers,3B,78,Silver,0.86,79,0.3761,0.1019,53.8,HOLD
Luis Medina,Athletics,RP,68,Bronze,1.04,69,0.375,0.0995,-0.1,HOLD
Ty France,Padres,1B,81,Gold,0.81,82,0.3731,0.128,137.2,HOLD
Logan Henderson,Brewers,SP,80,Gold,0.97,81,0.3729,0.2184,91.7,HOLD
Tim Tawa,Diamondbacks,1B,65,Bronze,1.02,66,0.3722,0.0349,-0.7,HOLD
Erik Sabrowski,Guardians,RP,78,Silver,0.98,79,0.3688,0.1943,65.2,HOLD
Yohan Ramírez,Pirates,RP,77,Silver,0.97,78,0.3644,0.1829,29.1,HOLD
Gordon Graceffo,Cardinals,RP,72,Bronze,1.0,73,0.3641,0.1321,3.2,HOLD
Pedro Ramirez,Cubs,2B,71,Bronze,0.94,72,0.3625,0.0586,0.6,HOLD
Mitch Farris,Angels,RP,59,Common,1.04,60,0.3575,0.049,0.0,HOLD
Hunter Goodman,Rockies,C,81,Gold,0.78,82,0.3566,0.1296,127.9,HOLD
Jose Cuas,Royals,RP,60,Common,1.04,61,0.3565,0.0533,0.0,HOLD
Matt Olson,Braves,1B,85,Diamond,0.71,86,0.3538,0.1732,91.9,HOLD
Willson Contreras,Red Sox,1B,87,Diamond,0.68,88,0.3505,0.199,301.9,HOLD
Xander Bogaerts,Padres,SS,72,Bronze,0.9,73,0.3493,0.0642,1.8,HOLD
Alika Williams,Athletics,2B,62,Common,0.99,63,0.342,0.0272,2.2,HOLD
Michael Arroyo,Mariners,2B,61,Common,0.99,62,0.3359,0.0249,1.2,HOLD
Slade Cecconi,Guardians,RP,61,Common,1.0,62,0.3316,0.0578,1.8,HOLD
Yoshinobu Yamamoto,Dodgers,SP,88,Diamond,0.86,89,0.3311,0.3349,210.0,HOLD
Adael Amador,Rockies,2B,65,Bronze,0.94,66,0.3271,0.0358,-0.7,HOLD
TJ Rumfield,Rockies,1B,80,Gold,0.73,81,0.3267,0.1226,77.4,HOLD
Joey Ortiz,Brewers,3B,76,Silver,0.78,77,0.3232,0.09,11.9,HOLD
Cade Winquest,Cardinals,RP,62,Common,0.98,63,0.3227,0.0626,2.7,HOLD
DL Hall,Brewers,RP,78,Silver,0.87,79,0.3181,0.1948,52.7,HOLD
Jac Caglianone,Royals,RF,80,Gold,0.71,81,0.3177,0.1233,73.8,HOLD
Geraldo Perdomo,Diamondbacks,SS,77,Silver,0.75,78,0.3169,0.0977,16.8,HOLD
Esmerlyn Valdez,Pirates,RF,68,Bronze,0.88,69,0.3141,0.0467,0.0,HOLD
Jakob Marsee,Marlins,CF,72,Bronze,0.82,73,0.312,0.0654,1.5,HOLD
Evan Phillips,Dodgers,RP,75,Silver,0.88,76,0.3112,0.1609,9.6,HOLD
Dylan Crews,Nationals,RF,73,Bronze,0.8,74,0.3082,0.0711,4.8,HOLD
Riley Greene,Tigers,LF,77,Silver,0.73,78,0.3081,0.0982,16.0,HOLD
Andy Pages,Dodgers,CF,85,Diamond,0.59,86,0.3008,0.18,18.1,HOLD
Hao-Yu Lee,Tigers,2B,75,Silver,0.75,76,0.299,0.084,9.5,HOLD
Mason Montgomery,Pirates,CP,83,Gold,0.8,84,0.2983,0.2604,191.6,HOLD
Jordan Hicks,White Sox,RP,67,Bronze,0.91,68,0.2949,0.0916,-0.1,HOLD
Cade Cavalli,Nationals,SP,81,Gold,0.79,82,0.2862,0.232,81.0,HOLD
Connor Norby,Rockies,1B,68,Bronze,0.82,69,0.2862,0.0471,0.0,HOLD
Juan Soto,Mets,LF,91,Diamond,0.48,91,0.2834,0.2718,-127.4,HOLD
Christian Walker,Astros,1B,75,Silver,0.69,76,0.275,0.0848,8.4,HOLD
Richie Palacios,Rays,2B,72,Bronze,0.74,73,0.2742,0.0663,1.2,HOLD
Walker Jenkins,Twins,CF,72,Bronze,0.74,73,0.2735,0.0663,1.2,HOLD
Daniel Espino,Guardians,RP,64,Common,0.88,65,0.2707,0.0721,5.4,HOLD
Rafael Devers,Giants,1B,80,Gold,0.59,81,0.2693,0.1263,54.7,HOLD
Chris Sale,Braves,SP,90,Diamond,0.7,91,0.2654,0.3709,-251.4,HOLD
Ethan Pecko,Astros,SP,66,Bronze,0.85,67,0.2623,0.0838,-0.6,HOLD
Justin Bruihl,Cardinals,RP,63,Common,0.86,64,0.2621,0.0664,3.3,HOLD
Ceddanne Rafaela,Red Sox,CF,87,Diamond,0.46,87,0.2605,0.2123,129.6,HOLD
Trevor Larnach,Twins,LF,74,Bronze,0.67,75,0.2571,0.0786,10.0,HOLD
Kody Clemens,Twins,2B,78,Silver,0.59,79,0.2559,0.1085,30.8,HOLD
Ezequiel Tovar,Rockies,SS,68,Bronze,0.76,69,0.2558,0.0475,0.0,HOLD
Alex McFarlane,Phillies,RP,63,Common,0.85,64,0.2549,0.0661,3.1,HOLD
Taj Bradley,Twins,SP,80,Gold,0.71,81,0.2529,0.2164,38.3,HOLD
Zac Thornton,Mets,SP,70,Bronze,0.79,71,0.251,0.1117,0.0,HOLD
Drew Sommers,Tigers,RP,68,Bronze,0.81,69,0.2507,0.0966,-0.1,HOLD
Austin Warren,Mets,RP,70,Bronze,0.79,71,0.2503,0.1117,0.0,HOLD
Michael Soroka,Diamondbacks,SP,81,Gold,0.69,82,0.2481,0.2293,59.0,HOLD
Michael Petersen,Marlins,RP,77,Silver,0.72,78,0.244,0.1788,14.8,HOLD
Enrique Hernández,Dodgers,3B,70,Bronze,0.69,71,0.2411,0.0565,0.0,HOLD
Kazuma Okamoto,Blue Jays,3B,75,Silver,0.6,76,0.2383,0.0857,6.8,HOLD
Will Dion,Nationals,RP,63,Common,0.82,64,0.2383,0.0655,2.9,HOLD
Brenton Doyle,White Sox,CF,77,Silver,0.55,78,0.2331,0.1009,9.9,HOLD
Heliot Ramos,Yankees,LF,72,Bronze,0.64,73,0.2324,0.0669,0.9,HOLD
Austin Hedges,Guardians,C,68,Bronze,0.7,69,0.2313,0.0477,0.0,HOLD
Trevor Williams,Rangers,RP,66,Bronze,0.78,67,0.2304,0.0821,-0.6,HOLD
Cam Booser,Rays,RP,79,Silver,0.66,80,0.2272,0.2007,80.2,HOLD
Cam Schlittler,Yankees,SP,91,Diamond,0.59,92,0.2268,0.3868,-366.0,HOLD
Bryce Eldridge,Giants,1B,74,Bronze,0.58,75,0.2241,0.0791,8.5,HOLD
CJ Abrams,Nationals,SS,81,Gold,0.45,81,0.2224,0.1388,56.2,HOLD
James McCann,Diamondbacks,C,72,Bronze,0.61,73,0.2219,0.067,0.8,HOLD
Jhoan Duran,Phillies,CP,85,Diamond,0.59,86,0.2212,0.2845,-214.5,HOLD
Chandler Simpson,Rays,LF,81,Gold,0.45,81,0.2199,0.1389,55.0,HOLD
William Contreras,Brewers,C,81,Gold,0.45,81,0.219,0.1389,54.5,HOLD
Kenley Jansen,Tigers,CP,78,Silver,0.65,79,0.2189,0.1874,30.4,HOLD
Hunter Brown,Astros,SP,82,Gold,0.61,83,0.2176,0.2392,38.2,HOLD
Travis Bazzana,Guardians,2B,72,Bronze,0.59,73,0.2154,0.067,0.8,HOLD
Charles McAdoo,Blue Jays,1B,62,Common,0.73,63,0.2141,0.0281,1.1,HOLD
Julio Rodríguez,Mariners,CF,83,Gold,0.38,83,0.2075,0.1625,89.4,HOLD
Nick Allen,Astros,SS,65,Bronze,0.68,66,0.2067,0.0367,-0.7,HOLD
Tatsuya Imai,Astros,RP,70,Bronze,0.69,71,0.2044,0.1077,0.0,HOLD
Garrett Mitchell,Brewers,CF,72,Bronze,0.56,73,0.204,0.067,0.7,HOLD
Louis Varland,Blue Jays,CP,83,Gold,0.56,84,0.2033,0.251,81.7,HOLD
Jesús Luzardo,Phillies,SP,87,Diamond,0.52,88,0.2016,0.3135,-50.0,HOLD
Shay Whitcomb,Giants,3B,63,Common,0.68,64,0.1989,0.0307,2.2,HOLD
Jo Adell,Guardians,RF,82,Gold,0.37,82,0.1984,0.1509,32.8,HOLD
Brandon Valenzuela,Blue Jays,C,73,Bronze,0.53,74,0.1972,0.0729,2.6,HOLD
Cody Bellinger,Yankees,LF,85,Diamond,0.31,85,0.197,0.1895,-116.3,HOLD
John Rave,Royals,RF,64,Common,0.66,65,0.1968,0.0336,3.9,HOLD
Victor Bericoto,Giants,RF,68,Bronze,0.61,69,0.1966,0.0477,0.0,HOLD
Chase DeLauter,Guardians,RF,79,Silver,0.41,79,0.1961,0.1192,61.6,HOLD
Cooper Hjerpe,Cardinals,SP,56,Common,0.75,57,0.195,0.0353,0.0,HOLD
Aroldis Chapman,Red Sox,CP,85,Diamond,0.51,86,0.194,0.2794,-241.7,HOLD
Carlos Rodón,Yankees,SP,83,Gold,0.52,84,0.1917,0.2486,69.5,HOLD
Alejandro Kirk,Blue Jays,C,83,Gold,0.33,83,0.1907,0.1633,73.4,HOLD
Dax Fulton,Marlins,RP,61,Common,0.71,62,0.1883,0.0533,0.8,HOLD
Alec Burleson,Cardinals,1B,78,Silver,0.41,78,0.1876,0.1101,19.4,HOLD
Drew Gilbert,Giants,LF,68,Bronze,0.58,69,0.187,0.0476,0.0,HOLD
Junior Caminero,Rays,3B,87,Diamond,0.24,87,0.1862,0.2202,-7.2,HOLD
Bryson Stott,Phillies,3B,78,Silver,0.39,78,0.1843,0.1101,18.8,HOLD
Jovani Morán,Red Sox,RP,72,Bronze,0.61,73,0.1839,0.1213,1.3,HOLD
Drew Anderson,Tigers,SP,72,Bronze,0.6,73,0.1818,0.121,1.2,HOLD
Cole Sulser,Rays,RP,65,Bronze,0.67,66,0.1811,0.0724,-1.4,HOLD
Jack Ralston,Marlins,RP,60,Common,0.7,61,0.1796,0.0486,0.0,HOLD
Max Muncy,Dodgers,3B,81,Gold,0.32,81,0.1789,0.1401,34.6,HOLD
Austin Peterson,Guardians,SP,63,Common,0.68,64,0.1782,0.0617,2.1,HOLD
Jake McCarthy,Rockies,LF,82,Gold,0.3,82,0.1781,0.1516,21.4,HOLD
Raisel Iglesias,Braves,CP,78,Silver,0.53,79,0.1779,0.1801,22.2,HOLD
Chad Patrick,Brewers,RP,71,Bronze,0.6,72,0.1767,0.112,0.4,HOLD
Daniel Schneemann,Guardians,CF,68,Bronze,0.55,69,0.1757,0.0475,0.0,HOLD
Joc Pederson,Rangers,DH,71,Bronze,0.49,71,0.1745,0.0614,0.2,HOLD
Nathan Lukes,Blue Jays,LF,73,Bronze,0.45,73,0.1719,0.0728,2.2,HOLD
Mason Adams,Rockies,SP,60,Common,0.68,61,0.1714,0.0481,0.0,HOLD
Dedniel Núñez,Mets,RP,77,Silver,0.52,78,0.1711,0.1673,7.5,HOLD
Nathan Church,Cardinals,CF,72,Bronze,0.46,72,0.1709,0.0669,0.6,HOLD
Brandon Young,Orioles,SP,69,Bronze,0.6,70,0.1704,0.0962,0.0,HOLD
Jared Young,Mets,1B,72,Bronze,0.43,72,0.1629,0.0667,0.5,HOLD
Anthony Molina,Giants,SP,64,Common,0.62,65,0.1627,0.0653,3.3,HOLD
Matthew Boyd,Cubs,SP,72,Bronze,0.54,73,0.16,0.1173,1.1,HOLD
Nate Lavender,Mets,RP,71,Bronze,0.55,72,0.16,0.1093,0.3,HOLD
Sonny Gray,Red Sox,SP,78,Silver,0.47,78,0.1599,0.1758,18.7,HOLD
JoJo Romero,Brewers,RP,75,Silver,0.5,76,0.1591,0.144,2.9,HOLD
Cole Young,Mariners,2B,70,Bronze,0.46,70,0.1581,0.0562,0.0,HOLD
Framber Valdez,Tigers,SP,74,Bronze,0.51,75,0.1572,0.1342,6.5,HOLD
Ryan Kreidler,Twins,SS,65,Bronze,0.53,66,0.1572,0.0363,-0.7,HOLD
Jake Cronenworth,Padres,2B,66,Bronze,0.52,67,0.1567,0.0397,-0.2,HOLD
Austin Hays,Padres,RF,72,Bronze,0.41,72,0.1556,0.0666,0.5,HOLD
David Fry,Guardians,RF,70,Bronze,0.45,70,0.1555,0.0561,0.0,HOLD
Alex Vesia,Dodgers,RP,79,Silver,0.44,79,0.154,0.1859,50.1,HOLD
Caleb Durbin,Red Sox,3B,78,Silver,0.29,78,0.1532,0.1101,14.1,HOLD
Brycen Mautz,Cardinals,RP,53,Common,0.64,54,0.1529,0.0257,0.0,HOLD
Ryne Stanek,Cardinals,RP,67,Bronze,0.57,68,0.1529,0.0808,-0.1,HOLD
Justin Crawford,Phillies,CF,76,Silver,0.32,76,0.1524,0.0933,2.9,HOLD
Will Warren,Yankees,SP,72,Bronze,0.51,73,0.1509,0.1156,1.0,HOLD
Owen Caissie,Marlins,RF,68,Bronze,0.46,68,0.1507,0.0471,0.0,HOLD
Michael Wacha,Royals,SP,78,Silver,0.44,78,0.1504,0.1733,17.0,HOLD
Agustín Ramírez,Marlins,C,70,Bronze,0.43,70,0.15,0.056,0.0,HOLD
Vaughn Grissom,Angels,2B,69,Bronze,0.44,69,0.1497,0.0514,0.0,HOLD
Gavin Williams,Guardians,SP,84,Gold,0.37,84,0.1494,0.2512,159.6,HOLD
Nick Fortes,Rays,C,73,Bronze,0.37,73,0.1487,0.0724,1.8,HOLD
Denzer Guzman,Angels,3B,68,Bronze,0.45,68,0.1476,0.0471,0.0,HOLD
Munetaka Murakami,White Sox,1B,76,Silver,0.3,76,0.1471,0.0932,2.7,HOLD
Andrés Giménez,Blue Jays,SS,76,Silver,0.3,76,0.1461,0.0931,2.6,HOLD
Beau Brieske,Tigers,RP,63,Common,0.58,64,0.1461,0.0588,1.6,HOLD
Ray Kerr,Braves,RP,65,Bronze,0.56,66,0.1448,0.0684,-1.4,HOLD
Jefry Yan,Mets,RP,58,Common,0.6,59,0.1418,0.0389,0.0,HOLD
Anthony Volpe,Yankees,SS,72,Bronze,0.36,72,0.1417,0.0663,0.4,HOLD
Jacob Misiorowski,Brewers,SP,92,Diamond,0.28,92,0.1411,0.3849,-598.1,HOLD
Jeff Hoffman,Twins,RP,76,Silver,0.43,76,0.1408,0.1494,1.8,HOLD
Ty Madden,Tigers,RP,71,Bronze,0.49,71,0.1402,0.1057,0.3,HOLD
Daniel Palencia,Cubs,CP,75,Silver,0.44,75,0.1401,0.1394,2.1,HOLD
Jarren Duran,Red Sox,LF,73,Bronze,0.33,73,0.1399,0.0722,1.7,HOLD
Anthony Nunez,Orioles,RP,68,Bronze,0.51,69,0.1389,0.0848,-0.1,HOLD
Derek Hill,Phillies,CF,73,Bronze,0.32,73,0.1376,0.0721,1.6,HOLD
Tyler Wells,Rays,RP,76,Silver,0.42,76,0.1373,0.1484,1.6,HOLD
Nick Kurtz,Athletics,1B,86,Diamond,0.08,86,0.1373,0.2076,-149.1,HOLD
Connor Prielipp,Twins,SP,71,Bronze,0.47,71,0.137,0.105,0.3,HOLD
Mike Yastrzemski,Braves,LF,67,Bronze,0.43,67,0.1367,0.0429,0.0,HOLD
Luis Torrens,Mets,C,74,Bronze,0.3,74,0.1358,0.0785,4.9,HOLD
Corbin Carroll,Diamondbacks,RF,83,Gold,0.12,83,0.1348,0.1646,22.5,HOLD
Byron Buxton,Twins,CF,90,Diamond,0.01,90,0.1345,0.2777,-343.4,HOLD
Braden Montgomery,White Sox,RF,71,Bronze,0.35,71,0.1344,0.0607,0.1,HOLD
Chase Burns,Reds,SP,85,Diamond,0.3,85,0.1344,0.2604,-286.0,HOLD
Kevin Ginkel,Diamondbacks,RP,72,Bronze,0.45,72,0.1343,0.1121,0.8,HOLD
Adley Rutschman,Red Sox,C,78,Silver,0.21,78,0.1341,0.1097,11.3,HOLD
Bradgley Rodriguez,Padres,RP,78,Silver,0.38,78,0.1332,0.1681,13.9,HOLD
José Urquidy,Phillies,SP,63,Common,0.54,64,0.1326,0.0572,1.5,HOLD
Brendon Little,Blue Jays,RP,72,Bronze,0.45,72,0.1321,0.1116,0.8,HOLD
Manuel Rodríguez,Rays,RP,71,Bronze,0.46,71,0.1321,0.1039,0.2,HOLD
Jake Bauers,Brewers,1B,75,Silver,0.26,75,0.1316,0.0853,2.5,HOLD
Aaron Judge,Yankees,RF,93,Diamond,-0.13,93,0.1305,0.4172,-278.7,HOLD
Michael Busch,Cubs,1B,75,Silver,0.25,75,0.1299,0.0852,2.5,HOLD
Elvis Alvarado,Athletics,RP,75,Silver,0.39,75,0.1281,0.1361,1.7,HOLD
Yohandy Morales,Nationals,1B,60,Common,0.49,60,0.1273,0.0228,0.0,HOLD
Josh Ekness,Marlins,RP,64,Common,0.51,65,0.1266,0.0611,2.5,HOLD
Grant Wolfram,Orioles,RP,68,Bronze,0.47,68,0.126,0.0825,-0.1,HOLD
Carlos Jorge,Reds,RF,66,Bronze,0.39,66,0.1224,0.039,-0.2,HOLD
Bo Naylor,Brewers,C,68,Bronze,0.35,68,0.1213,0.0464,0.0,HOLD
Ronald Acuña Jr.,Braves,RF,86,Diamond,0.0,86,0.121,0.2081,-173.9,HOLD
Kyle Karros,Rockies,3B,72,Bronze,0.27,72,0.1209,0.0657,0.3,HOLD
Lake Bachar,Pirates,RP,72,Bronze,0.4,72,0.1201,0.1086,0.7,HOLD
Steven Matz,Rays,RP,68,Bronze,0.44,68,0.1189,0.0812,-0.1,HOLD
Graham Pauley,Marlins,3B,65,Bronze,0.39,65,0.1181,0.0355,-0.7,HOLD
Eugenio Suárez,Reds,3B,74,Bronze,0.22,74,0.1172,0.0778,4.2,HOLD
Gavin Sheets,Padres,1B,71,Bronze,0.27,71,0.1165,0.0601,0.1,HOLD
Yennier Cano,Orioles,RP,73,Bronze,0.37,73,0.1154,0.1152,1.8,HOLD
Shea Langeliers,Athletics,C,85,Diamond,-0.09,85,0.1151,0.2289,-274.6,HOLD
Josue De Paula,Dodgers,RF,63,Common,0.4,63,0.1143,0.0296,1.2,HOLD
Miguel Rojas,Dodgers,SS,76,Silver,0.16,76,0.1136,0.0922,1.2,HOLD
Maikel Garcia,Royals,3B,82,Gold,0.04,82,0.1133,0.1518,-13.3,HOLD
Pavin Smith,Diamondbacks,1B,65,Bronze,0.36,65,0.1121,0.0354,-0.7,HOLD
Keider Montero,Tigers,SP,79,Silver,0.27,79,0.1111,0.1708,33.5,HOLD
Ryan Watson,Angels,CP,68,Bronze,0.41,68,0.1106,0.0794,-0.1,HOLD
Seiya Suzuki,Cubs,RF,83,Gold,-0.01,83,0.1091,0.1682,-1.8,HOLD
Petey Halpin,Guardians,CF,68,Bronze,0.29,68,0.1088,0.046,0.0,HOLD
Michael Conforto,Cubs,RF,71,Bronze,0.24,71,0.1084,0.0598,0.1,HOLD
Jacob Wilson,Athletics,SS,83,Gold,-0.1,83,0.1084,0.2022,-19.9,HOLD
Nicky Lopez,Rangers,2B,68,Bronze,0.29,68,0.1073,0.0459,0.0,HOLD
Jacob Young,Nationals,CF,78,Silver,0.09,78,0.1071,0.1088,7.5,HOLD
Paul Sewald,Blue Jays,RP,72,Bronze,0.34,72,0.1067,0.1049,0.6,HOLD
Jacob Gonzalez,Pirates,SS,67,Bronze,0.3,67,0.1067,0.042,0.0,HOLD
Christian Scott,Mets,SP,74,Bronze,0.32,74,0.1065,0.1206,4.2,HOLD
Emmet Sheehan,Dodgers,SP,78,Silver,0.26,78,0.106,0.1579,9.3,HOLD
Tyrone Taylor,Cubs,LF,79,Silver,0.06,79,0.1055,0.1183,29.3,HOLD
Carlos Correa,Astros,3B,82,Gold,-0.01,82,0.1055,0.1538,-18.4,HOLD
Bryce Harper,Phillies,1B,85,Diamond,-0.34,85,0.1049,0.3664,-523.7,HOLD
Miguel Vargas,White Sox,3B,82,Gold,-0.13,82,0.1048,0.1986,-38.9,HOLD
Cal Quantrill,Free Agents,SP,74,Bronze,0.31,74,0.1046,0.1199,4.2,HOLD
Ty Johnson,Rays,SP,64,Common,0.42,64,0.1038,0.0576,2.1,HOLD
Luis Arraez,Phillies,2B,82,Gold,-0.21,82,0.1036,0.2334,-55.3,HOLD
Quinn Mathews,Cardinals,SP,72,Bronze,0.33,72,0.1033,0.1039,0.6,HOLD
Lars Nootbaar,Diamondbacks,LF,68,Bronze,0.27,68,0.1032,0.0458,0.0,HOLD
Giancarlo Stanton,Yankees,DH,80,Gold,0.03,80,0.1031,0.1285,-3.8,HOLD
Colton Cowser,Orioles,CF,73,Bronze,0.17,73,0.1028,0.0708,1.1,HOLD
Drew Rasmussen,Rays,SP,87,Diamond,0.13,87,0.1019,0.2743,-197.1,HOLD
Carson Seymour,Giants,RP,66,Bronze,0.39,66,0.1016,0.0667,-0.5,HOLD
Carmen Mlodzinski,Pirates,SP,72,Bronze,0.32,72,0.101,0.1032,0.6,HOLD
Casey Schmitt,Free Agents,LF,79,Silver,0.03,79,0.1006,0.1181,27.6,HOLD
Javier Báez,Tigers,SS,72,Bronze,0.17,72,0.0999,0.0648,0.2,HOLD
Nelson Velázquez,Astros,RF,65,Bronze,0.3,65,0.0999,0.035,-0.7,HOLD
Brady House,Nationals,3B,72,Bronze,0.17,72,0.0998,0.0648,0.2,HOLD
Albert Suárez,Orioles,RP,68,Bronze,0.36,68,0.0997,0.077,-0.1,HOLD
Lazaro Montes,Mariners,RF,66,Bronze,0.29,66,0.0995,0.0382,-0.2,HOLD
Tyron Guerrero,Red Sox,RP,72,Bronze,0.31,72,0.0993,0.1026,0.6,HOLD
Edwin Díaz,Dodgers,RP,80,Gold,0.2,80,0.0992,0.1766,-13.3,HOLD
Bobby Witt Jr.,Royals,SS,87,Diamond,-0.46,87,0.0985,0.4844,-550.8,HOLD
Zach Neto,Angels,SS,80,Gold,-0.05,80,0.0983,0.1433,-9.4,HOLD
Kyle Schwarber,Phillies,DH,85,Diamond,-0.45,85,0.0982,0.4314,-644.7,HOLD
Jordan Westburg,Orioles,3B,80,Gold,-0.0,80,0.0981,0.1287,-5.4,HOLD
Yandy Díaz,Rays,1B,83,Gold,-0.42,83,0.0979,0.3665,-113.8,HOLD
Sal Stewart,Reds,1B,81,Gold,-0.34,81,0.0977,0.2789,-50.8,HOLD
Salvador Perez,Royals,C,72,Bronze,0.16,72,0.0973,0.0646,0.2,HOLD
Mason Barnett,Athletics,SP,64,Common,0.39,64,0.0971,0.0565,1.9,HOLD
Henry Davis,Pirates,C,66,Bronze,0.27,66,0.0969,0.0381,-0.2,HOLD
Elias Díaz,Rangers,C,72,Bronze,0.16,72,0.0965,0.0646,0.2,HOLD
Luis García Jr.,Yankees,1B,81,Gold,-0.38,81,0.0965,0.2987,-58.1,HOLD
Brendan Donovan,Mariners,3B,78,Silver,0.03,78,0.0955,0.1083,6.0,HOLD
Matt Chapman,Free Agents,3B,79,Silver,0.0,79,0.0951,0.1178,25.7,HOLD
Alec Bohm,Phillies,3B,79,Silver,-0.1,79,0.095,0.1483,24.2,HOLD
Dylan Dodd,Braves,RP,77,Silver,0.22,77,0.095,0.143,1.2,HOLD
Paul Goldschmidt,Yankees,1B,79,Silver,-0.23,79,0.0946,0.1955,21.8,HOLD
David Morgan,Padres,RP,67,Bronze,0.35,67,0.0946,0.0703,-0.1,HOLD
Vladimir Guerrero Jr.,Blue Jays,1B,80,Gold,-0.38,80,0.0944,0.2785,-47.6,HOLD
Ramón Laureano,Free Agents,LF,78,Silver,0.02,78,0.094,0.1082,5.8,HOLD
Spencer Steer,Free Agents,LF,77,Silver,0.04,77,0.094,0.0993,0.7,HOLD
Myles Straw,Blue Jays,CF,71,Bronze,0.16,71,0.0936,0.059,0.1,HOLD
Ketel Marte,Diamondbacks,2B,87,Diamond,-0.52,86,0.0934,0.5223,-620.1,DOWN
Nico Hoerner,Cubs,2B,79,Silver,-0.37,79,0.0923,0.2569,18.2,HOLD
Kade Anderson,Mariners,SP,69,Bronze,0.31,69,0.092,0.0808,0.0,HOLD
Tyler Soderstrom,Free Agents,LF,78,Silver,0.01,78,0.0918,0.1081,5.5,HOLD
Trea Turner,Phillies,SS,78,Silver,-0.14,78,0.0918,0.1483,3.5,HOLD
Kumar Rocker,Rangers,SP,73,Bronze,0.26,73,0.0917,0.1075,1.4,HOLD
Nick Sogard,Red Sox,2B,70,Bronze,0.17,70,0.0917,0.054,0.0,HOLD
Brent Rooker,Free Agents,LF,78,Silver,-0.09,78,0.0916,0.1327,4.2,HOLD
Alex Freeland,Dodgers,2B,65,Bronze,0.26,65,0.0915,0.0346,-0.7,HOLD
Jung Hoo Lee,Giants,RF,78,Silver,-0.06,78,0.0914,0.1245,4.6,HOLD
Tommy White,Athletics,1B,63,Common,0.29,63,0.0914,0.029,0.9,HOLD
James Wood,Nationals,RF,80,Gold,-0.46,80,0.0914,0.325,-61.2,HOLD
Braydon Fisher,Blue Jays,RP,71,Bronze,0.28,71,0.0913,0.0931,0.1,HOLD
Jake Irvin,Nationals,SP,67,Bronze,0.33,67,0.0913,0.0695,-0.1,HOLD
Nathaniel Lowe,Guardians,1B,71,Bronze,0.15,71,0.0912,0.0589,0.1,HOLD
Nick Gonzales,Pirates,3B,78,Silver,-0.02,78,0.091,0.1121,5.2,HOLD
Miguel Amaya,Cubs,C,70,Bronze,0.17,70,0.0908,0.0539,0.0,HOLD
Ryan O'Hearn,Pirates,1B,79,Silver,-0.45,79,0.0902,0.2954,15.7,HOLD
Carson Kelly,Cubs,C,78,Silver,-0.36,78,0.0901,0.234,-0.8,HOLD
George Springer,Blue Jays,RF,78,Silver,-0.38,78,0.0897,0.2444,-1.3,HOLD
Xavier Edwards,Marlins,2B,78,Silver,-0.39,78,0.0896,0.2471,-1.4,HOLD
Jordan Romano,Rockies,CP,66,Bronze,0.34,66,0.0894,0.0641,-0.5,HOLD
Anthony Santander,Free Agents,LF,77,Silver,0.01,77,0.0889,0.099,0.4,HOLD
Landen Roupp,Giants,SP,73,Bronze,0.24,73,0.0888,0.1064,1.3,HOLD
Leody Taveras,Orioles,RF,70,Bronze,0.15,70,0.0888,0.0538,0.0,HOLD
Gunnar Henderson,Orioles,SS,77,Silver,-0.18,77,0.0887,0.149,-1.8,HOLD
Zack Wheeler,Phillies,SP,86,Diamond,0.07,86,0.0886,0.2494,-251.6,HOLD
José Caballero,Yankees,3B,77,Silver,-0.27,77,0.0885,0.1811,-3.2,HOLD
Nick Loftin,Royals,LF,72,Bronze,0.11,72,0.0884,0.0641,0.2,HOLD
JJ Wetherholt,Cardinals,2B,77,Silver,-0.29,77,0.0884,0.1867,-3.4,HOLD
Tanner Scott,Dodgers,CP,79,Silver,0.16,79,0.0879,0.1596,24.8,HOLD
Paul Skenes,Pirates,SP,85,Diamond,0.08,85,0.0877,0.234,-299.9,HOLD
Liam Hicks,Rays,C,77,Silver,-0.37,77,0.0876,0.2189,-4.9,HOLD
Christopher Morel,Mets,1B,63,Common,0.27,63,0.0874,0.0288,0.8,HOLD
Miguel Andujar,Padres,LF,76,Silver,0.02,76,0.0874,0.0908,0.1,HOLD
Ben Ross,Twins,3B,62,Common,0.29,62,0.0873,0.0263,0.3,HOLD
Shohei Ohtani,Dodgers,SP,95,Red Diamond,-0.08,95,0.0868,0.4623,-11.6,HOLD
Roman Anthony,Red Sox,LF,77,Silver,-0.42,77,0.0867,0.2434,-6.0,HOLD
Juan Morillo,Diamondbacks,CP,77,Silver,0.18,77,0.0866,0.1391,0.6,HOLD
Tarik Skubal,Dodgers,SP,90,Diamond,0.02,90,0.0865,0.3133,-456.5,HOLD
Colt Keith,Tigers,3B,70,Bronze,0.14,70,0.0863,0.0537,0.0,HOLD
Spencer Miles,Blue Jays,RP,74,Bronze,0.21,74,0.086,0.1129,3.3,HOLD
Brian Navarreto,Marlins,C,66,Bronze,0.21,66,0.0859,0.0376,-0.2,HOLD
Jack Weisenburger,Mets,RP,59,Common,0.38,59,0.0856,0.0365,0.0,HOLD
Stuart Fairchild,Mariners,CF,73,Bronze,0.07,73,0.0854,0.0698,0.9,HOLD
Bradley Blalock,Marlins,RP,51,Common,0.41,51,0.0854,0.0184,0.0,HOLD
Spencer Jones,Yankees,CF,76,Silver,-0.14,76,0.0854,0.1252,-1.3,HOLD
Kerry Carpenter,Free Agents,RF,74,Bronze,0.05,74,0.0852,0.0762,3.0,HOLD
Josh Bell,Twins,1B,76,Silver,-0.11,76,0.0851,0.1156,-1.0,HOLD
Jose Altuve,Astros,2B,76,Silver,-0.38,76,0.0849,0.2084,-4.5,HOLD
Freddy Peralta,Rays,SP,76,Silver,0.18,76,0.0848,0.1291,-0.7,HOLD
Ildemaro Vargas,Diamondbacks,3B,76,Silver,-0.39,76,0.0848,0.2139,-4.7,HOLD
Addison Barger,Free Agents,RF,75,Silver,0.03,75,0.0847,0.0831,0.8,HOLD
Daniel Duarte,Mets,RP,65,Bronze,0.32,65,0.0846,0.0584,-1.2,HOLD
Eli White,Free Agents,CF,76,Silver,-0.03,76,0.0843,0.0976,-0.3,HOLD
Taylor Walls,Rays,SS,64,Common,0.24,64,0.0842,0.0314,1.7,HOLD
Harrison Bader,Free Agents,CF,74,Bronze,0.04,74,0.0838,0.0761,2.9,HOLD
Heriberto Hernández,Marlins,LF,78,Silver,-0.57,77,0.0838,0.3464,-6.7,HOLD
Nick Pivetta,Padres,SP,82,Gold,0.09,82,0.0838,0.1914,-35.5,HOLD
José Fermín,Cardinals,LF,67,Bronze,0.18,67,0.0837,0.041,0.0,HOLD
Brandon Nimmo,Rangers,RF,79,Silver,-0.6,78,0.0836,0.3873,9.2,HOLD
Wilyer Abreu,Red Sox,RF,78,Silver,-0.58,77,0.0834,0.3519,-7.0,HOLD
Dustin May,Brewers,SP,72,Bronze,0.23,72,0.0832,0.0971,0.4,HOLD
Vimael Machín,Free Agents,3B,62,Common,0.27,62,0.0832,0.0262,0.3,HOLD
Tyler Freeman,Free Agents,RF,73,Bronze,0.06,73,0.0831,0.0697,0.8,HOLD
Brooks Lee,Twins,3B,75,Silver,-0.26,75,0.0828,0.1502,-1.0,HOLD
Jonathan Aranda,Rays,1B,75,Silver,-0.3,75,0.0828,0.1621,-1.3,HOLD
Sal Frelick,Brewers,CF,75,Silver,-0.3,75,0.0828,0.1627,-1.3,HOLD
Garrett Whitlock,Red Sox,RP,80,Gold,0.11,80,0.0827,0.1674,-17.0,HOLD
Davis Schneider,Blue Jays,LF,69,Bronze,0.14,69,0.0826,0.0489,0.0,HOLD
Austin Wells,Yankees,C,68,Bronze,0.16,68,0.0826,0.0448,0.0,HOLD
Samuel Basallo,Orioles,C,75,Silver,-0.35,75,0.0826,0.18,-1.8,HOLD
Lourdes Gurriel Jr.,Free Agents,LF,75,Silver,-0.19,75,0.0825,0.1274,-0.4,HOLD
Dansby Swanson,Cubs,SS,78,Silver,-0.6,77,0.0825,0.3646,-7.7,HOLD
Tyler Phillips,Marlins,SP,76,Silver,0.17,76,0.0823,0.1279,-0.7,HOLD
Michael Massey,Royals,2B,75,Silver,-0.11,75,0.0819,0.1068,0.1,HOLD
Freddy Fermin,Padres,C,68,Bronze,0.15,68,0.0819,0.0447,0.0,HOLD
Andrew Vaughn,Brewers,1B,75,Silver,-0.47,75,0.0813,0.232,-3.1,HOLD
Didier Fuentes,Braves,RP,78,Silver,0.13,78,0.0811,0.1457,5.4,HOLD
Jazz Chisholm Jr.,Yankees,2B,74,Bronze,0.03,74,0.0811,0.0759,2.8,HOLD
Willi Castro,Rockies,2B,73,Bronze,0.04,73,0.0809,0.0695,0.8,HOLD
Wenceel Pérez,Free Agents,RF,72,Bronze,0.07,72,0.0809,0.0637,0.2,HOLD
Patrick Bailey,Guardians,C,71,Bronze,0.09,71,0.0808,0.0583,0.0,HOLD
Marcell Ozuna,Free Agents,DH,70,Bronze,0.1,70,0.0806,0.0533,0.0,HOLD
Francisco Alvarez,Mets,C,75,Silver,-0.51,74,0.0806,0.2516,-3.7,HOLD
Jake Mangum,Pirates,CF,76,Silver,-0.58,75,0.0806,0.3079,-8.5,HOLD
Jorge Polanco,Free Agents,1B,73,Bronze,0.04,73,0.0805,0.0695,0.8,HOLD
Jacob Latz,Rangers,CP,78,Silver,0.13,78,0.0804,0.1453,5.3,HOLD
Joshua Báez,Cardinals,LF,67,Bronze,0.16,67,0.0801,0.0408,-0.1,HOLD
Amed Rosario,Yankees,3B,74,Bronze,-0.23,74,0.0798,0.1271,2.7,HOLD
Matt Shaw,Cubs,3B,74,Bronze,-0.21,74,0.0797,0.1239,2.7,HOLD
Manny Machado,Padres,3B,78,Silver,-0.67,77,0.0796,0.4016,-9.8,HOLD
Kyle Teel,White Sox,C,74,Bronze,-0.19,74,0.0795,0.1173,2.7,HOLD
Jeremiah Jackson,Orioles,2B,74,Bronze,-0.18,74,0.0795,0.1158,2.7,HOLD
Curtis Mead,Red Sox,3B,72,Bronze,0.06,72,0.0795,0.0636,0.2,HOLD
Bryan Reynolds,Pirates,LF,76,Silver,-0.61,75,0.0795,0.3259,-9.3,HOLD
Jordan Walker,Cardinals,RF,81,Gold,-0.69,80,0.0795,0.4911,-133.4,HOLD
Dylan Cease,Blue Jays,SP,87,Diamond,-0.06,87,0.0795,0.2867,-262.7,HOLD
José Ramírez,Guardians,3B,85,Diamond,-0.68,84,0.0795,0.5799,-928.1,DOWN
Ernie Clement,Blue Jays,2B,78,Silver,-0.67,77,0.0793,0.4051,-10.0,HOLD
Marcus Semien,Mets,2B,74,Bronze,-0.48,74,0.079,0.2178,2.6,HOLD
Trent Grisham,Yankees,CF,74,Bronze,-0.11,74,0.0788,0.0973,2.7,HOLD
Luis Gastelum,Cardinals,RP,58,Common,0.36,58,0.0788,0.0328,0.0,HOLD
Brandon Marsh,Phillies,LF,76,Silver,-0.64,75,0.0788,0.3376,-9.7,HOLD
Tyler Glasnow,Dodgers,SP,89,Diamond,-0.27,89,0.0787,0.4448,-841.4,HOLD
Cam Smith,Astros,RF,74,Bronze,-0.1,74,0.0786,0.0945,2.7,HOLD
Justin Foscue,Rangers,2B,72,Bronze,0.05,72,0.0786,0.0635,0.2,HOLD
Calvin Faucher,Marlins,CP,70,Bronze,0.23,70,0.0786,0.0826,0.0,HOLD
Dane Myers,Reds,CF,76,Silver,-0.64,75,0.0785,0.3415,-9.9,HOLD
Adolis García,Free Agents,RF,72,Bronze,0.05,72,0.0784,0.0635,0.2,HOLD
Trent Harris,Giants,RP,68,Bronze,0.25,68,0.0783,0.0713,-0.1,HOLD
Erik Tolman,Nationals,CP,55,Common,0.37,55,0.0782,0.0254,0.0,HOLD
Kyle Hurt,Dodgers,RP,70,Bronze,0.23,70,0.0781,0.0824,0.0,HOLD
Masyn Winn,Cardinals,SS,74,Bronze,-0.55,73,0.078,0.2491,2.6,HOLD
Drew Romo,White Sox,C,63,Common,0.22,63,0.078,0.0284,0.7,HOLD
Garrett Crochet,Red Sox,SP,86,Diamond,-0.08,86,0.078,0.277,-312.7,HOLD
Jake Meyers,Free Agents,CF,72,Bronze,0.05,72,0.0778,0.0635,0.2,HOLD
Tommy Edman,Dodgers,2B,77,Silver,-0.68,76,0.0778,0.3904,-12.9,HOLD
Carlos Santana,Free Agents,1B,74,Bronze,0.0,74,0.0776,0.0757,2.7,HOLD
Andrew Benintendi,White Sox,LF,72,Bronze,0.04,72,0.0776,0.0634,0.2,HOLD
Luis Campusano,Padres,C,73,Bronze,-0.36,73,0.0773,0.1556,0.7,HOLD
Alex Call,Dodgers,RF,73,Bronze,-0.38,73,0.0773,0.1638,0.7,HOLD
Rob Refsnyder,Free Agents,LF,72,Bronze,0.04,72,0.0773,0.0634,0.2,HOLD
Daulton Varsho,Astros,CF,73,Bronze,-0.29,73,0.0772,0.1358,0.7,HOLD
Iván Herrera,Cardinals,C,75,Silver,-0.64,74,0.0772,0.3193,-5.5,HOLD
Ronny Simon,Pirates,LF,58,Common,0.29,58,0.0771,0.018,0.0,HOLD
Keibert Ruiz,Nationals,C,73,Bronze,-0.24,73,0.077,0.1212,0.7,HOLD
Gary Sánchez,Brewers,C,73,Bronze,-0.23,73,0.0769,0.1178,0.7,HOLD
Joey Bart,White Sox,C,72,Bronze,0.04,72,0.0767,0.0634,0.2,HOLD
Lenyn Sosa,Free Agents,SS,72,Bronze,0.04,72,0.0767,0.0634,0.2,HOLD
Jesús Sánchez,Diamondbacks,RF,73,Bronze,-0.49,73,0.0766,0.2069,0.6,HOLD
Lane Thomas,Braves,CF,73,Bronze,-0.19,73,0.0765,0.1067,0.7,HOLD
Romy Gonzalez,Red Sox,SS,73,Bronze,0.01,73,0.0764,0.0692,0.8,HOLD
Tyler O'Neill,Free Agents,LF,72,Bronze,0.03,72,0.0759,0.0633,0.2,HOLD
Max Fried,Yankees,SP,85,Diamond,-0.03,85,0.0759,0.2373,-320.2,HOLD
Luis Robert Jr.,Orioles,CF,72,Bronze,0.03,72,0.0756,0.0633,0.2,HOLD
Jacob Webb,Cubs,RP,71,Bronze,0.2,71,0.0755,0.0876,0.1,HOLD
Max Kepler,Free Agents,LF,72,Bronze,0.03,72,0.0753,0.0633,0.2,HOLD
Peyton Gray,Rangers,RP,67,Bronze,0.25,67,0.0752,0.0653,-0.1,HOLD
Willy Adames,Giants,SS,73,Bronze,-0.06,73,0.0751,0.08,0.7,HOLD
Jake Marisnick,Free Agents,CF,72,Bronze,0.03,72,0.075,0.0633,0.2,HOLD
Ali Sánchez,Yankees,C,61,Common,0.23,61,0.0749,0.0236,0.1,HOLD
Mike Tauchman,Free Agents,RF,72,Bronze,0.03,72,0.0748,0.0633,0.2,HOLD
Starling Marte,Free Agents,RF,72,Bronze,0.03,72,0.0747,0.0632,0.2,HOLD
JJ Bleday,Reds,LF,72,Bronze,-0.41,72,0.0747,0.1606,0.1,HOLD
Ian Happ,Cubs,LF,72,Bronze,-0.41,72,0.0747,0.1615,0.1,HOLD
Ryan Feltner,Rockies,RP,61,Common,0.31,61,0.0745,0.041,0.3,HOLD
Cedric Mullins,Rays,CF,72,Bronze,-0.3,72,0.0745,0.1274,0.1,HOLD
Jared Triolo,Pirates,3B,72,Bronze,-0.25,72,0.0742,0.1127,0.1,HOLD
Kyle Higashioka,Rangers,C,71,Bronze,0.04,71,0.0742,0.0579,0.0,HOLD
Ryan Johnson,Angels,SP,66,Bronze,0.25,66,0.0742,0.0603,-0.5,HOLD
Bryan Baker,Rays,CP,83,Gold,-0.16,83,0.074,0.2625,-62.8,HOLD
Luke Raley,Free Agents,RF,71,Bronze,0.04,71,0.0739,0.0578,0.0,HOLD
Joshua Kuroda-Grauer,Athletics,SS,65,Bronze,0.16,65,0.0739,0.0338,-0.7,HOLD
Nick Castellanos,Free Agents,RF,71,Bronze,0.04,71,0.0738,0.0578,0.0,HOLD
Hoby Milner,Mariners,RP,65,Bronze,0.26,65,0.0738,0.0558,-1.1,HOLD
Braxton Ashcraft,Pirates,SP,83,Gold,-0.12,83,0.0736,0.2452,-55.0,HOLD
Bryan Hudson,White Sox,RP,65,Bronze,-0.89,64,0.0735,0.3132,-6.3,HOLD
Hunter Greene,Reds,SP,83,Gold,-0.11,83,0.0735,0.2407,-53.0,HOLD
Hyeseong Kim,Dodgers,2B,71,Bronze,0.04,71,0.0734,0.0578,0.0,HOLD
Logan O'Hoppe,Rangers,C,70,Bronze,0.06,70,0.0733,0.0529,0.0,HOLD
Nasim Nuñez,Nationals,2B,68,Bronze,0.1,68,0.0733,0.0442,0.0,HOLD
Mark Vientos,Mets,3B,72,Bronze,-0.6,71,0.0732,0.2365,0.1,HOLD
Sammy Peralta,Angels,RP,55,Common,-0.79,54,0.0732,0.1226,0.0,HOLD
Nick Madrigal,Rays,3B,63,Common,0.19,63,0.0731,0.0282,0.7,HOLD
Dalton Rushing,Dodgers,C,72,Bronze,-0.12,72,0.0729,0.0833,0.1,HOLD
Jacob deGrom,Rangers,SP,83,Gold,-0.45,83,0.0729,0.4278,-145.4,HOLD
Dillon Dingler,Tigers,C,83,Gold,-0.77,82,0.0727,0.5915,-256.5,DOWN
Antwone Kelly,Pirates,RP,55,Common,0.34,55,0.0726,0.0249,0.0,HOLD
Carlos Cortes,Athletics,RF,72,Bronze,-0.09,72,0.0725,0.0782,0.1,HOLD
Matt Wallner,Twins,RF,70,Bronze,0.05,70,0.0725,0.0528,0.0,HOLD
Robert Suarez,Braves,RP,81,Gold,-0.3,81,0.0724,0.2992,-62.4,HOLD
Andy Ibáñez,Free Agents,3B,71,Bronze,0.03,71,0.0723,0.0577,0.0,HOLD
Parker Messick,Guardians,SP,83,Gold,-0.48,83,0.0723,0.4438,-154.2,HOLD
Tyler Tolbert,Royals,3B,72,Bronze,-0.07,72,0.0721,0.0734,0.1,HOLD
Logan Gilbert,Mariners,SP,83,Gold,-0.02,83,0.0721,0.2035,-37.2,HOLD
Andrés Muñoz,Mariners,CP,81,Gold,-0.46,81,0.0721,0.387,-92.4,HOLD
Victor Robles,Mariners,RF,72,Bronze,-0.05,72,0.0719,0.0711,0.1,HOLD
Jeff McNeil,Athletics,2B,71,Bronze,0.03,71,0.0719,0.0577,0.0,HOLD
Joe Ryan,Twins,SP,82,Gold,-0.5,82,0.0719,0.432,-154.6,HOLD
Héctor Rodríguez,Reds,RF,72,Bronze,-0.04,72,0.0718,0.0697,0.1,HOLD
Michael Helman,Rangers,CF,70,Bronze,0.05,70,0.0718,0.0528,0.0,HOLD
Josh Naylor,Mariners,1B,71,Bronze,-0.26,71,0.0715,0.1048,0.0,HOLD
Dylan Beavers,Orioles,LF,71,Bronze,-0.25,71,0.0714,0.1029,0.0,HOLD
Kenny Piper,Rays,C,58,Common,0.25,58,0.0714,0.0178,0.0,HOLD
Brandon Lockridge,Brewers,LF,68,Bronze,0.08,68,0.0712,0.0441,0.0,HOLD
Noah Schultz,White Sox,RP,68,Bronze,0.21,68,0.0712,0.0691,-0.1,HOLD
Andrew Knizner,Giants,C,64,Common,0.16,64,0.071,0.0308,1.4,HOLD
Bryce Miller,Mariners,SP,81,Gold,-0.17,81,0.071,0.2347,-41.8,HOLD
Steven Okert,Astros,RP,82,Gold,-0.07,82,0.071,0.2069,-50.9,HOLD
Troy Johnston,Rockies,LF,71,Bronze,0.02,71,0.0709,0.0576,0.0,HOLD
Bailey Ober,Twins,SP,69,Bronze,-0.86,68,0.0708,0.3758,0.0,HOLD
Bryce Teodosio,Angels,CF,68,Bronze,0.08,68,0.0708,0.0441,0.0,HOLD
Tyler Mahle,Braves,SP,72,Bronze,0.15,72,0.0707,0.0921,0.4,HOLD
Ryan Mountcastle,Free Agents,1B,71,Bronze,0.02,71,0.0707,0.0576,0.0,HOLD
Parker Meadows,Free Agents,CF,70,Bronze,0.04,70,0.0707,0.0527,0.0,HOLD
Emilio Pagán,Reds,CP,76,Silver,0.1,76,0.0707,0.1219,-1.1,HOLD
Nolan McLean,Mets,SP,79,Silver,-0.56,78,0.0705,0.4055,8.8,HOLD
Ronny Mauricio,Mets,SS,66,Bronze,0.12,66,0.0705,0.0368,-0.2,HOLD
J.P. Crawford,Mariners,SS,71,Bronze,-0.15,71,0.0704,0.0828,0.0,HOLD
Andrew Abbott,Reds,SP,69,Bronze,-1.07,68,0.0704,0.5047,0.0,DOWN
A.J. Minter,Twins,RP,78,Silver,-0.53,77,0.0704,0.3643,-4.3,HOLD
Abner Uribe,Brewers,RP,78,Silver,-0.53,77,0.0704,0.3645,-4.3,HOLD
Michael King,Padres,SP,78,Silver,-0.54,77,0.0703,0.375,-4.7,HOLD
Corbin Burnes,Diamondbacks,SP,79,Silver,-0.58,78,0.0702,0.4202,8.1,HOLD
Trevor Richards,White Sox,RP,70,Bronze,-0.83,69,0.0702,0.3766,0.0,HOLD
Edgardo Henriquez,Dodgers,CP,78,Silver,-0.57,77,0.0702,0.3912,-5.4,HOLD
Triston Casas,Free Agents,1B,70,Bronze,0.04,70,0.0701,0.0526,0.0,HOLD
Brady Singer,Reds,SP,67,Bronze,-0.79,66,0.0701,0.293,-1.3,HOLD
Kevin Gausman,Cubs,SP,78,Silver,-0.58,77,0.0701,0.3963,-5.6,HOLD
José Fermin,Angels,RP,69,Bronze,-0.79,68,0.07,0.3343,0.0,HOLD
Jacob Lopez,Athletics,SP,69,Bronze,-0.79,68,0.07,0.3349,0.0,HOLD
Jonah Cox,Giants,RF,65,Bronze,0.13,65,0.07,0.0336,-0.7,HOLD
Jake Burger,Rangers,1B,76,Silver,-0.82,75,0.07,0.4545,-14.7,HOLD
Gerrit Cole,Yankees,SP,81,Gold,-0.11,81,0.07,0.2097,-34.2,HOLD
Jonathan India,Free Agents,2B,70,Bronze,0.03,70,0.0699,0.0526,0.0,HOLD
Eric Haase,Free Agents,C,70,Bronze,0.03,70,0.0699,0.0526,0.0,HOLD
Martín Pérez,Braves,RP,66,Bronze,0.23,66,0.0699,0.0592,-0.5,HOLD
Nick Martinez,Rays,SP,77,Silver,-0.57,76,0.0699,0.3692,-10.5,HOLD
Matt McLain,Reds,2B,72,Bronze,-0.75,71,0.0698,0.3164,0.1,HOLD
Tyler Austin,Free Agents,1B,68,Bronze,0.07,68,0.0698,0.044,0.0,HOLD
Randy Dobnak,Royals,SP,67,Bronze,-0.77,66,0.0698,0.2869,-1.3,HOLD
Jahmai Jones,Red Sox,RF,70,Bronze,-0.55,69,0.0697,0.184,0.0,HOLD
Max Meyer,Marlins,SP,81,Gold,-0.09,81,0.0697,0.2026,-32.1,HOLD
Logan Webb,Giants,SP,80,Gold,-0.18,80,0.0697,0.2263,-36.9,HOLD
Daylen Lile,Nationals,LF,72,Bronze,-0.76,71,0.0696,0.3206,0.1,HOLD
Blaze Alexander,Orioles,SS,71,Bronze,-0.09,71,0.0696,0.0708,0.0,HOLD
Zach McKinstry,Tigers,3B,70,Bronze,-0.36,70,0.0696,0.1208,0.0,HOLD
Gregory Soto,Pirates,RP,78,Silver,-0.36,78,0.0696,0.2749,-1.0,HOLD
Brandon Woodruff,Brewers,SP,81,Gold,-0.09,81,0.0696,0.2004,-31.4,HOLD
Grant Taylor,White Sox,CP,80,Gold,-0.18,80,0.0696,0.2242,-36.4,HOLD
Jared Serna,Marlins,SS,61,Common,0.2,61,0.0695,0.0234,0.1,HOLD
José Iglesias,Free Agents,2B,70,Bronze,0.03,70,0.0695,0.0526,0.0,HOLD
Erik Miller,Red Sox,RP,76,Silver,-0.62,75,0.0695,0.3819,-10.8,HOLD
Andruw Monasterio,Red Sox,SS,70,Bronze,-0.33,70,0.0694,0.1127,0.0,HOLD
Sandy Alcantara,Marlins,SP,76,Silver,-0.55,75,0.0694,0.34,-9.2,HOLD
Bennett Sousa,Astros,RP,72,Bronze,-0.85,71,0.0693,0.4324,0.5,HOLD
Tommy Pham,White Sox,LF,71,Bronze,-0.07,71,0.0693,0.0676,0.0,HOLD
Spencer Schwellenbach,Braves,SP,81,Gold,-0.07,81,0.0693,0.1951,-29.9,HOLD
Andre Pallante,Cardinals,SP,73,Bronze,-0.78,72,0.0692,0.4131,1.4,HOLD
Blake Perkins,Guardians,CF,70,Bronze,0.03,70,0.0692,0.0526,0.0,HOLD
José Alvarado,Phillies,RP,70,Bronze,-0.73,69,0.0692,0.3222,0.0,HOLD
Yuki Matsui,Padres,RP,76,Silver,-0.52,75,0.0692,0.3187,-8.4,HOLD
Kyle Harrison,Brewers,SP,77,Silver,-0.67,76,0.0692,0.4313,-13.4,HOLD
David Bednar,Yankees,CP,80,Gold,-0.16,80,0.0692,0.2142,-33.9,HOLD
Walbert Ureña,Angels,SP,76,Silver,-0.5,75,0.0691,0.312,-8.1,HOLD
Mike Trout,Angels,CF,85,Diamond,-0.79,84,0.0691,0.6508,-1067.5,DOWN
Brooks Raley,Phillies,RP,73,Bronze,-0.67,72,0.069,0.3451,1.3,HOLD
Alex Jackson,Free Agents,C,67,Bronze,0.09,67,0.069,0.0402,-0.1,HOLD
Eduardo Rodriguez,Diamondbacks,SP,76,Silver,-0.71,75,0.069,0.4324,-12.8,HOLD
Bubba Chandler,Pirates,SP,71,Bronze,-0.7,70,0.0689,0.3244,0.2,HOLD
Jack Dreyer,Dodgers,RP,76,Silver,-0.73,75,0.0687,0.4451,-13.3,HOLD
Gleyber Torres,Tigers,2B,70,Bronze,-0.66,69,0.0686,0.2314,0.0,HOLD
Seth Lugo,Royals,SP,67,Bronze,-0.73,66,0.0686,0.2635,-1.2,HOLD
Kyle Leahy,Cardinals,SP,75,Silver,-0.77,74,0.0686,0.4469,-8.2,HOLD
Noelvi Marte,Reds,RF,69,Bronze,0.04,69,0.0685,0.048,0.0,HOLD
Nate Pearson,Royals,RP,67,Bronze,-0.73,66,0.0685,0.263,-1.1,HOLD
Anthony Kay,White Sox,SP,76,Silver,-0.44,76,0.0685,0.2791,-6.9,HOLD
Alec Gamboa,Red Sox,RP,62,Common,-0.74,61,0.0684,0.1912,0.5,HOLD
Jonathan Bowlan,Phillies,RP,79,Silver,-0.2,79,0.0683,0.216,15.4,HOLD
Luke Weaver,Pirates,RP,78,Silver,-0.27,78,0.0683,0.2339,0.3,HOLD
David Hamilton,Brewers,3B,71,Bronze,-0.0,71,0.0683,0.0579,0.0,HOLD
Félix Bautista,Orioles,RP,77,Silver,-0.35,77,0.0683,0.254,-5.7,HOLD
Travis d'Arnaud,Angels,C,70,Bronze,-0.2,70,0.0682,0.0847,0.0,HOLD
Nathan Eovaldi,Rangers,SP,78,Silver,-0.72,77,0.0682,0.4811,-9.5,HOLD
Griffin Jax,Rays,SP,81,Gold,-0.03,81,0.0682,0.1771,-24.7,HOLD
Blake Treinen,Dodgers,RP,73,Bronze,-0.59,72,0.0681,0.3006,1.2,HOLD
Eury Pérez,Marlins,SP,77,Silver,-0.34,77,0.0681,0.249,-5.5,HOLD
Michael McGreevy,Cardinals,SP,72,Bronze,-0.62,71,0.068,0.2978,0.4,HOLD
Greg Weissert,Red Sox,RP,71,Bronze,0.15,71,0.068,0.0847,0.1,HOLD
Donovan Solano,Free Agents,1B,69,Bronze,0.04,69,0.068,0.048,0.0,HOLD
Sean Newcomb,White Sox,RP,73,Bronze,-0.91,72,0.0679,0.4909,1.4,HOLD
Ricky Tiedemann,Blue Jays,SP,64,Common,0.24,64,0.0679,0.0503,1.4,HOLD
Colby Thomas,Phillies,RF,69,Bronze,0.04,69,0.0679,0.048,0.0,HOLD
Jordan Beck,Rockies,RF,70,Bronze,-0.18,70,0.0679,0.0794,0.0,HOLD
Graham Ashcraft,Reds,RP,68,Bronze,-0.69,67,0.0679,0.2638,-0.4,HOLD
Dylan Lee,Braves,RP,79,Silver,-0.71,78,0.0678,0.5024,3.5,DOWN
Sean Burke,White Sox,SP,81,Gold,-0.68,80,0.0678,0.523,-143.2,DOWN
Brant Hurter,Tigers,RP,74,Bronze,-0.51,73,0.0677,0.2808,2.8,HOLD
Hunter Gaddis,Guardians,RP,71,Bronze,-0.63,70,0.0677,0.2837,0.2,HOLD
Jason Adam,Padres,RP,79,Silver,-0.16,79,0.0676,0.2008,15.7,HOLD
Dennis Santana,Diamondbacks,RP,71,Bronze,-1.06,70,0.0676,0.5429,0.2,DOWN
Paul DeJong,Free Agents,3B,69,Bronze,0.04,69,0.0676,0.048,0.0,HOLD
Nate Eaton,Red Sox,RF,67,Bronze,0.08,67,0.0676,0.0401,-0.1,HOLD
Daniel Lynch IV,Royals,SP,74,Bronze,-0.49,74,0.0674,0.269,2.8,HOLD
Isiah Kiner-Falefa,Red Sox,2B,72,Bronze,-0.82,71,0.0674,0.3595,0.1,HOLD
Jasson Domínguez,Yankees,RF,70,Bronze,-0.14,70,0.0674,0.0725,0.0,HOLD
Foster Griffin,Guardians,SP,78,Silver,-0.76,77,0.0673,0.5062,-10.8,DOWN
Gabe Speier,Mariners,RP,78,Silver,-0.21,78,0.0671,0.208,1.0,HOLD
Ha-Seong Kim,Braves,SS,69,Bronze,-0.63,68,0.0671,0.1997,0.0,HOLD
Tejay Antone,Reds,RP,76,Silver,0.07,76,0.0671,0.1198,-1.3,HOLD
Yimi García,Blue Jays,RP,80,Gold,-0.05,80,0.0669,0.1728,-24.1,HOLD
Josh Hader,Astros,CP,85,Diamond,-0.63,84,0.0669,0.5804,-933.1,DOWN
Taylor Clarke,Diamondbacks,RP,74,Bronze,-0.92,73,0.0668,0.5196,3.0,DOWN
Zac Gallen,Diamondbacks,SP,68,Bronze,0.18,68,0.0668,0.0676,-0.1,HOLD
Grayson Rodriguez,Angels,SP,67,Bronze,-0.67,66,0.0668,0.2354,-1.0,HOLD
Shane Baz,Orioles,SP,72,Bronze,-0.55,71,0.0667,0.2616,0.4,HOLD
Jakob Junis,Rangers,RP,71,Bronze,-0.58,70,0.0667,0.2606,0.2,HOLD
Anthony Seigler,Red Sox,3B,66,Bronze,0.09,66,0.0667,0.0366,-0.2,HOLD
Shota Imanaga,Cubs,SP,80,Gold,-0.04,80,0.0667,0.17,-23.4,HOLD
Nolan Schanuel,Angels,1B,70,Bronze,-0.08,70,0.0666,0.0629,0.0,HOLD
José Soriano,Blue Jays,SP,76,Silver,-0.84,75,0.0666,0.5181,-16.3,DOWN
Jhonny Pereda,Mariners,C,61,Common,0.18,61,0.0665,0.0233,0.1,HOLD
Troy Melton,Tigers,SP,83,Gold,-0.68,82,0.0665,0.5656,-225.9,DOWN
Gabriel Arias,Cubs,SS,70,Bronze,-0.05,70,0.0663,0.0594,0.0,HOLD
Tanner Bibee,Guardians,SP,74,Bronze,-0.94,73,0.0662,0.5368,3.0,DOWN
Edward Olivares,Free Agents,RF,69,Bronze,0.03,69,0.0662,0.0479,0.0,HOLD
Jake Fraley,Free Agents,RF,70,Bronze,-0.05,70,0.0662,0.0591,0.0,HOLD
Justin Turner,Free Agents,1B,69,Bronze,0.03,69,0.0661,0.0479,0.0,HOLD
Wilmer Flores,Free Agents,1B,69,Bronze,0.03,69,0.0661,0.0479,0.0,HOLD
Dairon Blanco,Free Agents,CF,69,Bronze,0.03,69,0.066,0.0479,0.0,HOLD
Luisangel Acuña,White Sox,CF,70,Bronze,-0.03,70,0.066,0.0568,0.0,HOLD
Bryan Abreu,Astros,RP,76,Silver,-0.3,76,0.066,0.2153,-4.7,HOLD
Trevor Rogers,Orioles,SP,79,Silver,-0.09,79,0.0659,0.1726,16.0,HOLD
Ryan Vilade,Rays,1B,69,Bronze,-0.23,69,0.0659,0.0825,0.0,HOLD
Ryan McMahon,Yankees,3B,69,Bronze,-0.23,69,0.0659,0.082,0.0,HOLD
Taylor Ward,Mariners,LF,70,Bronze,-0.02,70,0.0658,0.055,0.0,HOLD
Dominic Smith,Braves,1B,68,Bronze,0.04,68,0.0657,0.0437,0.0,HOLD
Bryan King,Astros,RP,63,Common,-0.68,62,0.0656,0.1806,0.8,HOLD
Eduard Bazardo,Mariners,RP,69,Bronze,-0.59,68,0.0656,0.2328,0.0,HOLD
Ian Seymour,Rays,SP,78,Silver,-0.14,78,0.0655,0.1805,1.7,HOLD
Kevin Alcántara,Cubs,CF,68,Bronze,0.04,68,0.0655,0.0437,0.0,HOLD
Blake Weiman,Angels,RP,56,Common,0.29,56,0.0654,0.0262,0.0,HOLD
Santiago Espinal,Free Agents,3B,68,Bronze,0.04,68,0.0654,0.0437,0.0,HOLD
Kyle Stowers,Marlins,1B,68,Bronze,-0.54,67,0.0654,0.1518,-0.1,HOLD
Mason Miller,Padres,CP,91,Diamond,-0.55,90,0.0654,0.6546,-1180.1,DOWN
Pablo López,Free Agents,SP,79,Silver,-0.06,79,0.0653,0.1652,16.1,HOLD
Anthony Gose,Royals,RP,63,Common,0.23,63,0.0653,0.046,0.6,HOLD
Matt Vierling,Free Agents,CF,69,Bronze,0.02,69,0.0653,0.0478,0.0,HOLD
Bo Davidson,Giants,RF,55,Common,0.25,55,0.0653,0.0133,0.0,HOLD
Bryan Woo,Mariners,SP,80,Gold,-0.78,79,0.0653,0.5627,-127.3,DOWN
Yu Darvish,Free Agents,SP,79,Silver,-0.06,79,0.0651,0.1623,16.1,HOLD
Matt Brash,Free Agents,RP,79,Silver,-0.06,79,0.0651,0.1627,16.1,HOLD
Trevor Megill,Brewers,CP,84,Gold,-0.69,83,0.0651,0.5957,-199.1,DOWN
Ben Brown,Free Agents,SP,79,Silver,-0.05,79,0.065,0.1609,16.1,HOLD
Edwin Uceta,Free Agents,CP,79,Silver,-0.05,79,0.065,0.161,16.1,HOLD
Max Schuemann,Yankees,3B,68,Bronze,0.04,68,0.065,0.0437,0.0,HOLD
Ezequiel Duran,Rangers,2B,81,Gold,-0.88,80,0.065,0.615,-185.8,DOWN
Davis Martin,White Sox,SP,73,Bronze,-0.42,73,0.0649,0.2208,1.1,HOLD
Ryan Gusto,Marlins,SP,73,Bronze,-0.42,73,0.0649,0.2201,1.1,HOLD
Kirby Yates,Pirates,RP,74,Bronze,-0.37,74,0.0648,0.2118,2.6,HOLD
Sung-Mun Song,Padres,2B,69,Bronze,-0.14,69,0.0648,0.0666,0.0,HOLD
Anthony Bender,Marlins,RP,79,Silver,-0.04,79,0.0647,0.1566,16.2,HOLD
Payton Tolle,Red Sox,SP,79,Silver,-0.04,79,0.0647,0.1568,16.2,HOLD
Jacob Webb,Free Agents,RP,56,Common,0.29,56,0.0647,0.0261,0.0,HOLD
Alejandro Osuna,Rangers,LF,66,Bronze,0.08,66,0.0647,0.0365,-0.2,HOLD
Chase Shugart,Phillies,RP,74,Bronze,0.08,74,0.0646,0.103,2.5,HOLD
Victor Scott II,Cardinals,CF,69,Bronze,-0.13,69,0.0646,0.0649,0.0,HOLD
Sean Murphy,Braves,C,75,Silver,-0.92,74,0.0646,0.4907,-10.2,HOLD
Rico Garcia,Orioles,RP,79,Silver,-0.03,79,0.0645,0.155,16.2,HOLD
Robbie Ray,Padres,SP,72,Bronze,-0.45,72,0.0645,0.2169,0.4,HOLD
Yohel Pozo,Orioles,C,68,Bronze,0.03,68,0.0645,0.0436,0.0,HOLD
Trey Yesavage,Blue Jays,SP,78,Silver,-0.1,78,0.0643,0.1633,2.1,HOLD
Shane McClanahan,Rays,SP,78,Silver,-0.1,78,0.0643,0.1636,2.1,HOLD
Joey Wiemer,Free Agents,RF,67,Bronze,0.05,67,0.0643,0.0399,-0.1,HOLD
Yohendrick Pinango,Blue Jays,LF,68,Bronze,0.03,68,0.0642,0.0436,0.0,HOLD
Patrick Wisdom,Mariners,1B,66,Bronze,0.07,66,0.0642,0.0364,-0.2,HOLD
Ben Williamson,Rays,3B,69,Bronze,-0.09,69,0.0641,0.059,0.0,HOLD
Connor Wong,Red Sox,C,69,Bronze,-0.09,69,0.064,0.0584,0.0,HOLD
Brett Wisely,Free Agents,2B,68,Bronze,0.03,68,0.064,0.0436,0.0,HOLD
J.T. Ginn,Free Agents,SP,78,Silver,-0.08,78,0.0639,0.1587,2.2,HOLD
Caleb Thielbar,Cubs,RP,71,Bronze,-0.47,71,0.0639,0.2089,0.1,HOLD
Tommy Troy,Diamondbacks,LF,69,Bronze,-0.07,69,0.0639,0.0569,0.0,HOLD
Hayden Wesneski,Astros,SP,73,Bronze,-0.38,73,0.0638,0.2025,1.0,HOLD
Grant Holmes,Braves,SP,73,Bronze,-0.38,73,0.0638,0.2024,1.0,HOLD
Ramon Urías,Free Agents,2B,69,Bronze,-0.07,69,0.0638,0.0563,0.0,HOLD
Ryan Weathers,Yankees,SP,78,Silver,-0.07,78,0.0637,0.156,2.2,HOLD
Ke'Bryan Hayes,Reds,3B,68,Bronze,-0.26,68,0.0637,0.081,0.0,HOLD
Jonathan Loaisiga,Diamondbacks,RP,76,Silver,0.05,76,0.0637,0.1178,-1.4,HOLD
Seranthony Domínguez,Mariners,RP,76,Silver,-0.21,76,0.0637,0.1775,-3.5,HOLD
Tyler Fitzgerald,Free Agents,2B,68,Bronze,0.03,68,0.0636,0.0436,0.0,HOLD
Pedro Pagés,Cardinals,C,69,Bronze,-0.05,69,0.0635,0.0534,0.0,HOLD
Jacob Melton,Rays,LF,68,Bronze,0.03,68,0.0635,0.0436,0.0,HOLD
Ryan Zeferjahn,Cubs,RP,75,Silver,-0.26,75,0.0635,0.1833,-2.1,HOLD
Stone Garrett,Free Agents,RF,68,Bronze,0.03,68,0.0634,0.0436,0.0,HOLD
Alek Thomas,Free Agents,CF,68,Bronze,0.03,68,0.0634,0.0436,0.0,HOLD
AJ Blubaugh,Astros,RP,70,Bronze,-0.48,70,0.0633,0.2014,0.0,HOLD
Otto Kemp,Phillies,LF,68,Bronze,0.03,68,0.0633,0.0436,0.0,HOLD
Yunior Severino,Free Agents,3B,68,Bronze,0.03,68,0.0633,0.0436,0.0,HOLD
Jorge Mateo,Rays,2B,68,Bronze,-0.23,68,0.0633,0.0742,0.0,HOLD
Evan Carter,Rangers,CF,67,Bronze,-0.53,66,0.0633,0.1364,-0.3,HOLD
Jeremiah Estrada,Padres,RP,78,Silver,-0.05,78,0.0631,0.1489,2.4,HOLD
Spencer Strider,Free Agents,SP,78,Silver,-0.05,78,0.0631,0.1491,2.4,HOLD
Orion Kerkering,Phillies,RP,72,Bronze,-0.4,72,0.0631,0.1958,0.4,HOLD
Casey Legumina,Rays,RP,68,Bronze,0.16,68,0.0631,0.0663,-0.1,HOLD
Brandon Eisert,Pirates,RP,67,Bronze,0.17,67,0.0631,0.0616,-0.1,HOLD
Tyler Rogers,Blue Jays,RP,67,Bronze,0.17,67,0.0631,0.0616,-0.1,HOLD
Shelby Miller,Free Agents,RP,78,Silver,-0.05,78,0.063,0.1477,2.4,HOLD
Ronny Henriquez,Free Agents,CP,78,Silver,-0.05,78,0.063,0.1484,2.4,HOLD
Luis Rengifo,Free Agents,3B,69,Bronze,0.0,69,0.063,0.0476,0.0,HOLD
Kaelen Culpepper,Twins,SS,67,Bronze,0.04,67,0.063,0.0398,-0.1,HOLD
A.J. Puk,Free Agents,RP,78,Silver,-0.04,78,0.0629,0.1469,2.4,HOLD
Jonah Heim,Athletics,C,68,Bronze,-0.19,68,0.0629,0.0682,0.0,HOLD
Tim Mayza,Phillies,RP,73,Bronze,-0.33,73,0.0625,0.1826,1.0,HOLD
Luis Lara,Brewers,RF,65,Bronze,0.08,65,0.0625,0.0332,-0.7,HOLD
Emerson Hancock,Mariners,SP,77,Silver,-0.1,77,0.0624,0.1515,-1.9,HOLD
Brandon Pfaadt,Diamondbacks,SP,71,Bronze,-0.41,71,0.0623,0.1871,0.1,HOLD
Jhonkensy Noel,Free Agents,RF,67,Bronze,0.04,67,0.0623,0.0397,-0.1,HOLD
Blake Dunn,Free Agents,CF,67,Bronze,0.04,67,0.0623,0.0397,-0.1,HOLD
Jeffrey Springs,Athletics,SP,65,Bronze,-0.58,64,0.0623,0.1695,-3.4,HOLD
Kevin Kelly,Rays,RP,78,Silver,-0.02,78,0.0622,0.1394,2.6,HOLD
Jedixson Páez,Red Sox,SP,62,Common,0.22,62,0.0622,0.0418,0.3,HOLD
Emmanuel Rodriguez,Twins,CF,68,Bronze,-0.14,68,0.0622,0.0607,0.0,HOLD
Geoff Hartlieb,Athletics,RP,65,Bronze,0.19,65,0.0621,0.0527,-1.1,HOLD
Jack Flaherty,Tigers,RP,75,Bronze,-0.21,75,0.0621,0.1652,-1.7,HOLD
Mickey Moniak,Rockies,RF,78,Silver,-0.94,77,0.0621,0.5833,-20.6,DOWN
Christian Yelich,Brewers,LF,74,Bronze,-0.96,73,0.062,0.4962,2.0,HOLD
Jose Trevino,Reds,C,68,Bronze,-0.13,68,0.062,0.0587,0.0,HOLD
Brent Headrick,Yankees,RP,76,Silver,-0.14,76,0.062,0.1556,-2.8,HOLD
Yovanny Cruz,Nationals,RP,52,Common,0.29,52,0.0619,0.0182,0.0,HOLD
Clay Holmes,Cubs,SP,78,Silver,-0.0,78,0.0617,0.1347,2.6,HOLD
Drew Cavanaugh,Giants,C,63,Common,0.11,63,0.0617,0.0276,0.6,HOLD
Tyler Stephenson,Reds,C,72,Bronze,-0.96,71,0.0617,0.4456,0.1,HOLD
Dylan Moore,Free Agents,3B,67,Bronze,0.03,67,0.0617,0.0397,-0.1,HOLD
Kyle Isbel,Royals,CF,67,Bronze,-0.3,67,0.0617,0.0811,-0.1,HOLD
Andrew Kittredge,Orioles,CP,68,Bronze,-0.5,68,0.0617,0.1785,-0.2,HOLD
Ryan Rolison,Cubs,RP,63,Common,-0.59,62,0.0616,0.1501,0.7,HOLD
Bryce Johnson,Free Agents,RF,67,Bronze,0.03,67,0.0616,0.0397,-0.1,HOLD
Eric Wagaman,Mets,1B,67,Bronze,0.03,67,0.0615,0.0397,-0.1,HOLD
Zebby Matthews,Twins,SP,73,Bronze,0.07,73,0.0614,0.0944,0.8,HOLD
Jake Bennett,Red Sox,SP,72,Bronze,-0.34,72,0.0614,0.1734,0.3,HOLD
Randy Rodriguez,Free Agents,CP,77,Silver,-0.05,77,0.0612,0.1383,-1.5,HOLD
Justin Steele,Free Agents,SP,77,Silver,-0.05,77,0.0612,0.1387,-1.5,HOLD
Travis Adams,Twins,RP,63,Common,0.21,63,0.0611,0.045,0.6,HOLD
Kris Bubic,Dodgers,RP,72,Bronze,-0.33,72,0.0611,0.1694,0.3,HOLD
Masataka Yoshida,Red Sox,LF,68,Bronze,0.01,68,0.0611,0.0434,0.0,HOLD
Alex Verdugo,Free Agents,LF,67,Bronze,0.03,67,0.0611,0.0397,-0.1,HOLD
Jackson Holliday,Orioles,2B,67,Bronze,-0.24,67,0.0611,0.0706,-0.1,HOLD
Tristan Peters,White Sox,CF,76,Silver,-0.97,75,0.0611,0.5524,-19.1,DOWN
Christian Moore,Angels,2B,66,Bronze,-0.5,66,0.061,0.1168,-0.9,HOLD
Jake Cousins,Free Agents,RP,77,Silver,-0.04,77,0.061,0.1358,-1.4,HOLD
Cade Horton,Free Agents,SP,77,Silver,-0.05,77,0.061,0.1364,-1.4,HOLD
Trevor Story,Red Sox,SS,76,Silver,-0.97,75,0.061,0.5537,-19.2,DOWN
Austin Riley,Braves,3B,72,Bronze,-0.97,71,0.0609,0.456,0.1,HOLD
John Klein,Blue Jays,SP,62,Common,0.21,62,0.0607,0.0415,0.3,HOLD
Ryne Nelson,Diamondbacks,RP,69,Bronze,-0.43,69,0.0607,0.1691,0.0,HOLD
Marcelo Mayer,Giants,SS,68,Bronze,-0.03,68,0.0607,0.0471,0.0,HOLD
Andrew Pinckney,Nationals,LF,63,Common,0.1,63,0.0606,0.0276,0.5,HOLD
Royce Lewis,Twins,1B,71,Bronze,-0.97,70,0.0606,0.4311,0.0,HOLD
Bryan De La Cruz,Phillies,RF,68,Bronze,-0.03,68,0.0606,0.0464,0.0,HOLD
Harry Ford,Nationals,C,68,Bronze,-0.03,68,0.0606,0.0465,0.0,HOLD
Luis Urías,Blue Jays,SS,66,Bronze,0.04,66,0.0606,0.0362,-0.2,HOLD
Carlos Estévez,Free Agents,CP,77,Silver,-0.03,77,0.0606,0.1325,-1.3,HOLD
Javier Assad,Cubs,RP,72,Bronze,-0.31,72,0.0605,0.1625,0.3,HOLD
Austin Martin,Twins,RF,68,Bronze,-0.02,68,0.0605,0.0453,0.0,HOLD
Wyatt Langford,Rangers,LF,79,Silver,-0.96,78,0.0605,0.6159,-9.4,DOWN
Josh Smith,Blue Jays,2B,67,Bronze,-0.88,66,0.0604,0.2825,-0.7,HOLD
Esteury Ruiz,Marlins,CF,66,Bronze,-0.41,66,0.0604,0.0951,-0.7,HOLD
Trey Gibson,Orioles,SP,65,Bronze,0.18,65,0.0604,0.0522,-1.0,HOLD
Andrew Morris,Twins,RP,63,Common,0.2,63,0.0603,0.0448,0.6,HOLD
Reynaldo López,Braves,SP,71,Bronze,-0.35,71,0.0603,0.1632,0.1,HOLD
Mason Fluharty,Blue Jays,RP,70,Bronze,-0.39,70,0.0603,0.1647,0.0,HOLD
Rafael Marchán,Phillies,C,68,Bronze,0.0,68,0.0603,0.0433,0.0,HOLD
Merrill Kelly,Diamondbacks,SP,69,Bronze,0.12,69,0.0602,0.0703,0.0,HOLD
Juan Yepez,Free Agents,1B,67,Bronze,0.02,67,0.0602,0.0396,-0.1,HOLD
José Tena,Nationals,3B,67,Bronze,-0.17,67,0.0601,0.0587,-0.1,HOLD
Christian Vázquez,Astros,C,67,Bronze,-0.17,67,0.0601,0.0593,-0.1,HOLD
Ryan Helsley,Free Agents,RP,76,Silver,-0.08,76,0.0601,0.1355,-2.2,HOLD
Colin Holderman,Guardians,RP,76,Silver,-0.08,76,0.06,0.1346,-2.1,HOLD
Drew Millas,Free Agents,C,66,Bronze,0.04,66,0.0599,0.0362,-0.2,HOLD
Pete Fairbanks,Marlins,CP,74,Bronze,-0.19,74,0.0598,0.146,2.3,HOLD
Connelly Early,Nationals,SP,76,Silver,-0.07,76,0.0598,0.1324,-2.1,HOLD
Blake Snell,Dodgers,SP,87,Diamond,-0.74,86,0.0597,0.6816,-953.1,DOWN
Ronel Blanco,Astros,SP,72,Bronze,-0.28,72,0.0596,0.1529,0.3,HOLD
Oswaldo Cabrera,Reds,SS,67,Bronze,-0.13,67,0.0596,0.0539,-0.1,HOLD
Ryan Waldschmidt,Diamondbacks,CF,67,Bronze,-0.13,67,0.0596,0.0542,-0.1,HOLD
Sam Bachman,Angels,RP,68,Bronze,-0.44,68,0.0596,0.1574,-0.2,HOLD
Mitch Garver,Free Agents,C,66,Bronze,0.04,66,0.0596,0.0361,-0.2,HOLD
Josh Lowe,Angels,RF,66,Bronze,-0.32,66,0.0596,0.077,-0.6,HOLD
Ian Hamilton,Free Agents,RP,76,Silver,-0.06,76,0.0596,0.1301,-2.0,HOLD
Cooper Criswell,Mariners,RP,59,Common,-0.59,58,0.0595,0.108,0.0,HOLD
Walker Buehler,Padres,SP,68,Bronze,-0.43,68,0.0595,0.1564,-0.2,HOLD
Oswald Peraza,Angels,2B,65,Bronze,0.05,65,0.0595,0.033,-0.7,HOLD
Gavin Lux,Free Agents,2B,63,Common,0.09,63,0.0593,0.0275,0.5,HOLD
Will Brennan,Free Agents,LF,66,Bronze,0.03,66,0.0593,0.0361,-0.2,HOLD
Isaac Collins,Royals,LF,65,Bronze,-0.71,64,0.0593,0.172,-3.4,HOLD
Aaron Nola,Phillies,SP,72,Bronze,0.07,72,0.0592,0.0868,0.3,HOLD
Moisés Ballesteros,Angels,C,67,Bronze,-0.1,67,0.0592,0.0502,-0.1,HOLD
Luis Matos,Free Agents,CF,66,Bronze,0.03,66,0.0592,0.0361,-0.2,HOLD
Reese Olson,Free Agents,SP,76,Silver,-0.05,76,0.0592,0.1266,-1.9,HOLD
Chris Martin,Free Agents,RP,76,Silver,-0.05,76,0.0592,0.1268,-1.9,HOLD
Ryan Pepiot,Free Agents,SP,76,Silver,-0.05,76,0.0592,0.1271,-1.9,HOLD
Thomas Saggese,Cardinals,1B,65,Bronze,-0.56,64,0.0592,0.1228,-2.5,HOLD
John Schreiber,Yankees,RP,65,Bronze,-0.5,64,0.0592,0.1442,-2.9,HOLD
Francisco Lindor,Mets,SS,85,Diamond,-0.9,84,0.0592,0.7135,-1193.7,DOWN
Blade Tidwell,Free Agents,SP,63,Common,0.19,63,0.0591,0.0445,0.6,HOLD
Bobby Miller,Dodgers,RP,61,Common,0.21,61,0.0591,0.038,0.2,HOLD
Camilo Doval,Giants,RP,69,Bronze,-0.39,69,0.0591,0.1536,0.0,HOLD
Sam Haggerty,Free Agents,LF,67,Bronze,0.01,67,0.0591,0.0395,-0.1,HOLD
Aaron Ashby,Brewers,RP,75,Silver,-0.11,75,0.0591,0.1329,-1.1,HOLD
James Karinchak,Braves,RP,76,Silver,-0.04,76,0.0591,0.1259,-1.9,HOLD
Shane Smith,White Sox,SP,76,Silver,-0.05,76,0.0591,0.126,-1.9,HOLD
Corey Seager,Rangers,SS,83,Gold,-0.93,82,0.0591,0.6884,-324.1,DOWN
Brock Stewart,Dodgers,RP,72,Bronze,-0.26,72,0.059,0.1469,0.3,HOLD
Devin Williams,Mets,RP,71,Bronze,-0.31,71,0.059,0.1501,0.1,HOLD
Jake Rogers,White Sox,C,67,Bronze,-0.09,67,0.059,0.0484,-0.1,HOLD
Korey Lee,Free Agents,C,66,Bronze,0.03,66,0.059,0.0361,-0.2,HOLD
Jack Leiter,Free Agents,SP,76,Silver,-0.04,76,0.059,0.1251,-1.9,HOLD
Sean Manaea,Mets,SP,75,Silver,0.03,75,0.0589,0.1071,-0.5,HOLD
Rowdy Tellez,Braves,1B,65,Bronze,0.05,65,0.0589,0.033,-0.7,HOLD
Huascar Brazobán,White Sox,RP,76,Silver,0.01,76,0.0589,0.1148,-1.5,HOLD
Billy Cook,Pirates,RF,65,Bronze,0.05,65,0.0588,0.033,-0.7,HOLD
Eguy Rosario,Free Agents,3B,66,Bronze,0.03,66,0.0587,0.0361,-0.2,HOLD
Cole Ragans,Free Agents,SP,76,Silver,-0.03,76,0.0587,0.1224,-1.8,HOLD
Brock Burke,Reds,RP,72,Bronze,-0.25,72,0.0586,0.1433,0.3,HOLD
Kyle Farmer,Braves,2B,67,Bronze,-0.06,67,0.0586,0.0451,-0.1,HOLD
Damiano Palmegiani,Free Agents,1B,66,Bronze,0.03,66,0.0586,0.0361,-0.2,HOLD
Colt Emerson,Free Agents,SS,66,Bronze,0.03,66,0.0586,0.0361,-0.2,HOLD
Kameron Misner,Phillies,CF,66,Bronze,0.03,66,0.0586,0.0361,-0.2,HOLD
Jonathon Long,Free Agents,1B,66,Bronze,0.03,66,0.0585,0.0361,-0.2,HOLD
Hunter Bishop,Free Agents,RF,66,Bronze,0.03,66,0.0585,0.0361,-0.2,HOLD
Kyle Freeland,Rockies,SP,67,Bronze,-0.43,67,0.0585,0.1454,-0.5,HOLD
Fernando Cruz,Free Agents,RP,75,Silver,-0.09,75,0.0585,0.1268,-1.0,HOLD
Hudson Haskin,Free Agents,RF,66,Bronze,0.03,66,0.0584,0.0361,-0.2,HOLD
Peter Lambert,Astros,SP,76,Silver,0.01,76,0.0584,0.1145,-1.5,HOLD
TJ Friedl,Free Agents,CF,67,Bronze,-0.04,67,0.0583,0.0429,-0.1,HOLD
J.C. Escarra,Yankees,C,66,Bronze,0.03,66,0.0583,0.036,-0.2,HOLD
Garrett Cleavinger,Rays,RP,75,Silver,-0.08,75,0.0583,0.1255,-0.9,HOLD
Scott Blewett,Athletics,RP,66,Bronze,-0.46,66,0.0583,0.1411,-1.4,HOLD
Scott Barlow,Free Agents,RP,75,Silver,-0.07,75,0.0582,0.124,-0.9,HOLD
George Kirby,Mariners,SP,70,Bronze,-0.32,70,0.0581,0.1431,0.0,HOLD
BJ Murray Jr.,Cubs,1B,67,Bronze,-0.02,67,0.0581,0.0417,-0.1,HOLD
Adam Frazier,Angels,LF,65,Bronze,0.04,65,0.0581,0.0329,-0.7,HOLD
Nolan Gorman,Cardinals,3B,65,Bronze,-0.39,65,0.0581,0.0836,-1.7,HOLD
Luis Mey,Reds,RP,64,Common,-0.5,64,0.058,0.1316,1.2,HOLD
Blaze Jordan,Cardinals,3B,65,Bronze,0.04,65,0.058,0.0329,-0.7,HOLD
Justin Wrobleski,Dodgers,RP,75,Silver,-0.07,75,0.058,0.1223,-0.9,HOLD
Christian Koss,Giants,2B,65,Bronze,-0.38,65,0.058,0.0819,-1.6,HOLD
Jose A. Ferrer,Mariners,CP,66,Bronze,-0.45,66,0.0579,0.1382,-1.4,HOLD
Pierce Johnson,Reds,RP,69,Bronze,-0.35,69,0.0578,0.142,0.0,HOLD
Endy Rodríguez,Free Agents,C,65,Bronze,0.04,65,0.0578,0.0329,-0.7,HOLD
Will Benson,Free Agents,RF,65,Bronze,0.04,65,0.0578,0.0329,-0.7,HOLD
Craig Kimbrel,Royals,RP,68,Bronze,-0.38,68,0.0576,0.1397,-0.2,HOLD
Colin Rea,Cubs,RP,67,Bronze,0.13,67,0.0575,0.0597,-0.1,HOLD
Chris Bassitt,Orioles,SP,68,Bronze,-0.38,68,0.0575,0.1387,-0.2,HOLD
Brett Sullivan,Rockies,C,66,Bronze,-0.15,66,0.0575,0.0516,-0.4,HOLD
Tyler Heineman,Angels,C,66,Bronze,-0.14,66,0.0574,0.0503,-0.4,HOLD
Victor Caratini,Twins,C,64,Common,-0.57,63,0.0573,0.1154,1.1,HOLD
Luis Severino,Free Agents,SP,75,Silver,-0.05,75,0.0573,0.1167,-0.8,HOLD
Osleivis Basabe,Giants,SS,66,Bronze,-0.13,66,0.0572,0.0488,-0.3,HOLD
Orlando Arcia,Free Agents,SS,65,Bronze,0.04,65,0.0572,0.0328,-0.7,HOLD
Matt Strahm,Free Agents,RP,75,Silver,-0.04,75,0.0572,0.1158,-0.8,HOLD
Tanner Gordon,Rockies,SP,64,Common,-0.47,64,0.0571,0.1252,1.1,HOLD
Yoán Moncada,Free Agents,3B,65,Bronze,0.03,65,0.0571,0.0328,-0.7,HOLD
Ryan Ward,Free Agents,LF,65,Bronze,0.03,65,0.0571,0.0328,-0.7,HOLD
Carson Fulmer,Free Agents,SP,75,Silver,-0.04,75,0.0571,0.1154,-0.8,HOLD
Joe Jimenéz,Free Agents,CP,75,Silver,-0.04,75,0.0571,0.1155,-0.8,HOLD
Luke Murphy,Angels,RP,64,Common,-0.47,64,0.057,0.1249,1.1,HOLD
Brady Basso,Athletics,SP,64,Common,-0.47,64,0.057,0.1246,1.1,HOLD
Anthony Banda,Free Agents,RP,75,Silver,-0.04,75,0.057,0.1146,-0.7,HOLD
Rece Hinds,Orioles,RF,66,Bronze,-0.11,66,0.0569,0.0463,-0.3,HOLD
Brad Keller,Free Agents,RP,75,Silver,-0.03,75,0.0569,0.1133,-0.7,HOLD
Liover Peguero,Free Agents,SS,65,Bronze,0.03,65,0.0568,0.0328,-0.7,HOLD
Bryce Elder,Braves,SP,73,Bronze,-0.14,73,0.0567,0.1225,0.8,HOLD
Luis Perales,Nationals,SP,63,Common,0.17,63,0.0567,0.0439,0.5,HOLD
Andrew Painter,Phillies,SP,68,Bronze,0.11,68,0.0567,0.064,-0.1,HOLD
Joey Loperfido,Astros,LF,66,Bronze,0.01,66,0.0567,0.0359,-0.2,HOLD
Kyle Manzardo,Guardians,1B,65,Bronze,0.03,65,0.0567,0.0328,-0.7,HOLD
Tristan Gray,Twins,SS,64,Common,0.05,64,0.0566,0.03,1.1,HOLD
Cody Bradford,Rangers,RP,64,Common,-0.46,64,0.0566,0.1223,1.1,HOLD
Alan Roden,Twins,LF,61,Common,0.1,61,0.0566,0.0228,0.1,HOLD
Cameron Eden,Free Agents,RF,65,Bronze,0.03,65,0.0566,0.0328,-0.7,HOLD
Nick Yorke,Pirates,2B,65,Bronze,0.03,65,0.0566,0.0328,-0.7,HOLD
Brooks Baldwin,Free Agents,CF,65,Bronze,0.03,65,0.0566,0.0328,-0.7,HOLD
Gio Urshela,Free Agents,3B,65,Bronze,0.03,65,0.0566,0.0328,-0.7,HOLD
Chase Silseth,Rangers,RP,66,Bronze,-0.41,66,0.0565,0.1283,-1.3,HOLD
Ben Joyce,Angels,CP,72,Bronze,-0.18,72,0.0564,0.124,0.3,HOLD
Brad Lord,Nationals,RP,69,Bronze,-0.31,69,0.0564,0.1299,0.0,HOLD
Chas McCormick,Free Agents,CF,65,Bronze,0.03,65,0.0564,0.0328,-0.7,HOLD
Warming Bernabel,Free Agents,1B,65,Bronze,0.03,65,0.0564,0.0328,-0.7,HOLD
Andrew McCutchen,Free Agents,RF,65,Bronze,0.03,65,0.0563,0.0328,-0.7,HOLD
Ivan Melendez,Free Agents,1B,65,Bronze,0.03,65,0.0563,0.0328,-0.7,HOLD
Kody Hoese,Free Agents,3B,65,Bronze,0.03,65,0.0563,0.0328,-0.7,HOLD
Turner Hill,Giants,CF,65,Bronze,-0.23,65,0.0563,0.0571,-1.1,HOLD
Zach Cole,Astros,CF,65,Bronze,0.03,65,0.0562,0.0328,-0.7,HOLD
Rhys Hoskins,Guardians,1B,65,Bronze,0.03,65,0.0562,0.0328,-0.7,HOLD
Thairo Estrada,Free Agents,2B,65,Bronze,0.03,65,0.0562,0.0328,-0.7,HOLD
Danny Coulombe,Free Agents,RP,74,Bronze,-0.07,74,0.0561,0.1124,2.1,HOLD
Dylan Smith,Giants,CP,64,Common,-0.45,64,0.0561,0.1195,1.1,HOLD
George Valera,Free Agents,CF,65,Bronze,0.03,65,0.0561,0.0328,-0.7,HOLD
Freddy Zamora,Free Agents,SS,65,Bronze,0.03,65,0.0561,0.0328,-0.7,HOLD
Cody Freeman,Rangers,1B,65,Bronze,-0.21,65,0.0561,0.0546,-1.1,HOLD
Paul Blackburn,Yankees,RP,72,Bronze,-0.17,72,0.0559,0.1195,0.3,HOLD
Janson Junk,Marlins,SP,68,Bronze,-0.34,68,0.0559,0.1262,-0.2,HOLD
Jameson Taillon,Blue Jays,SP,74,Bronze,-0.06,74,0.0558,0.1101,2.1,HOLD
José Azócar,Free Agents,LF,63,Common,0.06,63,0.0557,0.0273,0.5,HOLD
Michael Toglia,Free Agents,1B,64,Common,0.04,64,0.0556,0.0299,1.1,HOLD
Colson Montgomery,White Sox,SS,73,Bronze,-1.07,72,0.0556,0.5465,0.4,DOWN
Tyler Ferguson,Cubs,CP,71,Bronze,-0.21,71,0.0556,0.1204,0.1,HOLD
AJ Smith-Shawver,Braves,RP,67,Bronze,0.12,67,0.0556,0.059,-0.1,HOLD
Brice Matthews,Astros,2B,66,Bronze,0.0,66,0.0556,0.0359,-0.2,HOLD
Austin Wynns,Free Agents,C,64,Common,0.04,64,0.0555,0.0299,1.1,HOLD
Tyler Black,Brewers,LF,64,Common,0.04,64,0.0555,0.0299,1.1,HOLD
Connor Phillips,Reds,CP,71,Bronze,-0.2,71,0.0555,0.1192,0.1,HOLD
Trent Thornton,Cubs,RP,67,Bronze,0.12,67,0.0555,0.059,-0.1,HOLD
Casey Mize,Padres,SP,77,Silver,-1.12,76,0.0555,0.7028,-28.1,DOWN
Quinn Priester,Free Agents,SP,74,Bronze,-0.04,74,0.0554,0.1073,2.1,HOLD
Griffin Canning,Padres,SP,60,Common,-0.5,59,0.0554,0.0968,0.0,HOLD
Jesse Winker,Free Agents,LF,65,Bronze,0.02,65,0.0554,0.0327,-0.7,HOLD
Brusdar Graterol,Free Agents,RP,74,Bronze,-0.04,74,0.0553,0.1066,2.1,HOLD
Joe Musgrove,Padres,SP,74,Bronze,-0.04,74,0.0553,0.1066,2.1,HOLD
Gabriel Gonzalez,Twins,LF,63,Common,0.06,63,0.0553,0.0273,0.5,HOLD
Bo Bichette,Mets,3B,77,Silver,-1.05,76,0.0551,0.6282,-25.3,DOWN
Manuel Margot,Free Agents,RF,64,Common,0.04,64,0.055,0.0299,1.1,HOLD
Justin Verlander,Tigers,SP,72,Bronze,-0.14,72,0.055,0.1124,0.3,HOLD
Jorge Soler,Free Agents,LF,65,Bronze,0.02,65,0.055,0.0327,-0.7,HOLD
Nic Kent,Free Agents,3B,65,Bronze,0.02,65,0.055,0.0327,-0.7,HOLD
Landon Knack,Dodgers,SP,72,Bronze,-0.14,72,0.0549,0.1116,0.3,HOLD
Carson Williams,Rays,SS,64,Common,0.03,64,0.0548,0.0298,1.1,HOLD
Edward Cabrera,Cubs,RP,73,Bronze,-0.08,73,0.0548,0.1072,0.7,HOLD
Elieser Hernández,Free Agents,RP,65,Bronze,0.14,65,0.0548,0.0505,-1.0,HOLD
CJ Kayfus,Guardians,RF,64,Common,0.03,64,0.0547,0.0298,1.1,HOLD
Nolan Jones,Free Agents,RF,64,Common,0.03,64,0.0547,0.0298,1.1,HOLD
Darell Hernaiz,Athletics,SS,63,Common,0.05,63,0.0547,0.0272,0.5,HOLD
Corey Julks,Tigers,LF,64,Common,0.03,64,0.0546,0.0298,1.1,HOLD
Reese McGuire,Free Agents,C,64,Common,0.03,64,0.0545,0.0298,1.1,HOLD
Yusei Kikuchi,Angels,SP,68,Bronze,-0.3,68,0.0545,0.1164,-0.1,HOLD
César Prieto,Cardinals,2B,62,Common,0.07,62,0.0544,0.0248,0.2,HOLD
Miles Mastrobuoni,Free Agents,2B,64,Common,0.03,64,0.0543,0.0298,1.1,HOLD
Hunter Renfroe,Free Agents,RF,64,Common,0.03,64,0.0543,0.0298,1.1,HOLD
Kade Strowd,Diamondbacks,RP,73,Bronze,0.02,73,0.0543,0.0905,0.7,HOLD
Spencer Horwitz,Pirates,1B,65,Bronze,-0.08,65,0.0543,0.0394,-0.8,HOLD
Riley Adams,Free Agents,C,64,Common,0.03,64,0.0542,0.0298,1.1,HOLD
Je'Von Ward,Free Agents,CF,64,Common,0.03,64,0.0542,0.0298,1.1,HOLD
Trey Mancini,Free Agents,1B,64,Common,0.03,64,0.0542,0.0298,1.1,HOLD
Gabriel Rincones Jr.,Phillies,RF,64,Common,0.03,64,0.0542,0.0298,1.1,HOLD
Daniel Susac,Free Agents,C,63,Common,0.05,63,0.0542,0.0272,0.5,HOLD
Denzel Clarke,Athletics,CF,65,Bronze,-0.07,65,0.0542,0.0386,-0.8,HOLD
Francisco Urbaez,Free Agents,2B,64,Common,0.03,64,0.0541,0.0298,1.1,HOLD
Jack Suwinski,Free Agents,CF,64,Common,0.03,64,0.0541,0.0298,1.1,HOLD
Kevin Newman,Free Agents,2B,64,Common,0.03,64,0.0541,0.0298,1.1,HOLD
Jason Heyward,Free Agents,LF,64,Common,0.03,64,0.0541,0.0298,1.1,HOLD
Pedro León,Free Agents,RF,64,Common,0.03,64,0.0541,0.0298,1.1,HOLD
Weston Wilson,Mariners,3B,64,Common,-0.23,64,0.0541,0.0512,1.1,HOLD
Carlos Vargas,Mariners,RP,73,Bronze,-0.06,73,0.0541,0.1025,0.7,HOLD
Kyren Paris,Angels,2B,65,Bronze,-0.06,65,0.0541,0.0381,-0.8,HOLD
Nick Martini,Free Agents,LF,64,Common,0.03,64,0.054,0.0298,1.1,HOLD
Robert Hassell III,Free Agents,CF,64,Common,0.03,64,0.054,0.0298,1.1,HOLD
Brendan Rodgers,Free Agents,2B,64,Common,0.03,64,0.054,0.0298,1.1,HOLD
Bryan Ramos,Free Agents,3B,64,Common,0.03,64,0.054,0.0298,1.1,HOLD
Óscar Mercado,Free Agents,LF,64,Common,0.03,64,0.054,0.0298,1.1,HOLD
José Berríos,Free Agents,SP,73,Bronze,-0.06,73,0.054,0.1017,0.7,HOLD
Cesar Perdomo,Giants,SP,63,Common,-0.42,63,0.054,0.1035,0.6,HOLD
Tylor Megill,Free Agents,SP,72,Bronze,0.03,72,0.054,0.0842,0.2,HOLD
Mark Canha,Free Agents,RF,64,Common,0.03,64,0.0539,0.0298,1.1,HOLD
Jarred Kelenic,Free Agents,LF,64,Common,0.03,64,0.0539,0.0298,1.1,HOLD
Brennan Bernardino,Rockies,RP,71,Bronze,-0.15,71,0.0539,0.1073,0.1,HOLD
Kyle Bradish,Free Agents,SP,70,Bronze,-0.2,70,0.0539,0.1098,0.0,HOLD
Luken Baker,Free Agents,1B,64,Common,0.03,64,0.0538,0.0298,1.1,HOLD
Carson Roccaforte,Free Agents,CF,63,Common,0.04,63,0.0538,0.0272,0.5,HOLD
Jeimer Candelario,Free Agents,3B,64,Common,0.02,64,0.0537,0.0298,1.1,HOLD
Michael Kopech,Free Agents,RP,73,Bronze,-0.05,73,0.0537,0.0993,0.7,HOLD
Edwin Arroyo,Reds,2B,63,Common,0.04,63,0.0537,0.0272,0.5,HOLD
Alex Cobb,Free Agents,SP,73,Bronze,-0.04,73,0.0536,0.0987,0.7,HOLD
Juan Mejia,Rockies,RP,58,Common,-0.49,58,0.0536,0.0791,0.0,HOLD
Kristian Campbell,Red Sox,2B,64,Common,0.02,64,0.0535,0.0298,1.1,HOLD
James Outman,Free Agents,CF,63,Common,0.04,63,0.0535,0.0272,0.5,HOLD
Scott Kingery,Free Agents,SS,63,Common,0.04,63,0.0535,0.0272,0.5,HOLD
River Ryan,Tigers,SP,71,Bronze,0.04,71,0.0535,0.0781,0.1,HOLD
Jose Fernandez,Diamondbacks,3B,65,Bronze,-0.02,65,0.0535,0.0344,-0.7,HOLD
Brandon Sproat,Brewers,RP,73,Bronze,-0.04,73,0.0534,0.0976,0.7,HOLD
José Buttó,Free Agents,RP,73,Bronze,-0.04,73,0.0534,0.0974,0.7,HOLD
Mitch Keller,Free Agents,SP,72,Bronze,-0.09,72,0.0534,0.1014,0.3,HOLD
Steven Cruz,Free Agents,CP,72,Bronze,-0.09,72,0.0534,0.1011,0.3,HOLD
Adam Ottavino,Free Agents,RP,73,Bronze,-0.04,73,0.0533,0.097,0.7,HOLD
Christian Franklin,Orioles,LF,63,Common,0.04,63,0.0533,0.0272,0.5,HOLD
Jim Jarvis,Braves,SS,63,Common,0.04,63,0.0533,0.0272,0.5,HOLD
Jimmy Crooks,Cardinals,C,63,Common,0.04,63,0.0533,0.0271,0.5,HOLD
Jason Foley,Giants,RP,70,Bronze,-0.18,70,0.0533,0.1059,0.0,HOLD
Deyvison De Los Santos,Marlins,1B,64,Common,-0.16,64,0.0532,0.0437,1.1,HOLD
Noah Cameron,Royals,SP,72,Bronze,-0.09,72,0.0532,0.0998,0.2,HOLD
Roki Sasaki,Dodgers,RP,69,Bronze,0.07,69,0.0532,0.0674,0.0,HOLD
Raynel Delgado,Astros,2B,63,Common,0.04,63,0.0531,0.0271,0.5,HOLD
Brett Harris,Giants,1B,63,Common,-0.32,63,0.0531,0.0586,0.4,HOLD
Tobias Myers,Mets,RP,69,Bronze,-0.22,69,0.0531,0.1058,0.0,HOLD
Riley O'Brien,Cardinals,CP,70,Bronze,0.05,70,0.0531,0.0725,0.0,HOLD
Patrick Sandoval,Red Sox,SP,68,Bronze,-0.26,68,0.0531,0.107,-0.1,HOLD
Jonatan Clase,Free Agents,CF,63,Common,0.04,63,0.053,0.0271,0.5,HOLD
Ryan Jeffers,Twins,C,79,Silver,-1.06,78,0.053,0.6773,-15.0,DOWN
Edgar Quero,White Sox,C,64,Common,-0.14,64,0.0529,0.0415,1.1,HOLD
Everson Pereira,Cardinals,RF,63,Common,0.04,63,0.0529,0.0271,0.5,HOLD
Tanner Murray,Free Agents,3B,63,Common,0.04,63,0.0529,0.0271,0.5,HOLD
Tanner Banks,Phillies,RP,66,Bronze,-0.32,66,0.0529,0.1044,-1.0,HOLD
Collin Price,Astros,C,63,Common,0.03,63,0.0528,0.0271,0.5,HOLD
Brandon Williamson,Reds,SP,67,Bronze,0.09,67,0.0528,0.058,-0.1,HOLD
Zack Littell,Free Agents,SP,72,Bronze,-0.07,72,0.0527,0.0965,0.2,HOLD
Dominic Fletcher,Free Agents,CF,63,Common,0.03,63,0.0526,0.0271,0.5,HOLD
Shawn Armstrong,Guardians,RP,72,Bronze,-0.07,72,0.0526,0.096,0.2,HOLD
Tyler Holton,Tigers,RP,68,Bronze,-0.24,68,0.0526,0.1033,-0.1,HOLD
Leonardo Rivas,Mariners,SS,63,Common,0.03,63,0.0525,0.0271,0.5,HOLD
Leo Jiménez,Free Agents,SS,63,Common,0.03,63,0.0525,0.0271,0.5,HOLD
Cameron Cauley,Rangers,SS,63,Common,0.03,63,0.0525,0.0271,0.5,HOLD
Oscar Colás,Free Agents,RF,63,Common,0.03,63,0.0525,0.0271,0.5,HOLD
Alexander Vargas,Free Agents,SS,63,Common,0.03,63,0.0525,0.0271,0.5,HOLD
Tommy Nance,Twins,RP,72,Bronze,-0.07,72,0.0525,0.0954,0.2,HOLD
Evan Sisk,Pirates,RP,68,Bronze,-0.24,68,0.0525,0.103,-0.1,HOLD
Matthew Lugo,Royals,LF,64,Common,-0.1,64,0.0524,0.0378,1.0,HOLD
Jesus Rodriguez,Free Agents,C,62,Common,0.05,62,0.0524,0.0247,0.2,HOLD
Matthew Liberatore,Cardinals,SP,69,Bronze,-0.2,69,0.0524,0.1015,0.0,HOLD
Tyler Zuber,Marlins,RP,68,Bronze,-0.24,68,0.0524,0.1022,-0.1,HOLD
Brett Auerbach,Free Agents,2B,63,Common,0.03,63,0.0523,0.0271,0.5,HOLD
Joe Lampe,Free Agents,LF,63,Common,0.03,63,0.0523,0.0271,0.5,HOLD
Shane Bieber,Blue Jays,SP,72,Bronze,-0.06,72,0.0523,0.094,0.2,HOLD
Stephen Kolek,Free Agents,SP,72,Bronze,-0.06,72,0.0523,0.094,0.2,HOLD
Sandy León,Free Agents,C,55,Common,0.15,55,0.0523,0.0129,0.0,HOLD
Nick Morabito,Mets,LF,59,Common,0.1,59,0.0523,0.0188,0.0,HOLD
DJ Herz,Nationals,SP,68,Bronze,-0.24,68,0.0523,0.1015,-0.1,HOLD
Tirso Ornelas,Free Agents,LF,63,Common,0.03,63,0.0522,0.0271,0.5,HOLD
Josh Breaux,Free Agents,C,63,Common,0.03,63,0.0522,0.0271,0.4,HOLD
Trey Sweeney,Free Agents,SS,63,Common,0.03,63,0.0522,0.0271,0.4,HOLD
Cayden Wallace,Free Agents,3B,63,Common,0.03,63,0.0522,0.0271,0.4,HOLD
Christian Cairo,Mets,2B,63,Common,0.03,63,0.0522,0.0271,0.4,HOLD
Alan Trejo,Free Agents,SS,63,Common,0.03,63,0.0521,0.0271,0.4,HOLD
Drew Waters,Free Agents,LF,63,Common,0.03,63,0.0521,0.0271,0.4,HOLD
Mike Antico,Free Agents,LF,63,Common,0.03,63,0.0521,0.0271,0.4,HOLD
Luke Ritter,Free Agents,3B,63,Common,0.03,63,0.0521,0.0271,0.4,HOLD
Jon Berti,Free Agents,3B,63,Common,0.03,63,0.0521,0.0271,0.4,HOLD
Akil Baddoo,Brewers,RF,63,Common,0.03,63,0.0521,0.0271,0.4,HOLD
Levi Jordan,Free Agents,SS,63,Common,0.03,63,0.0521,0.0271,0.4,HOLD
Drew Avans,Free Agents,CF,63,Common,0.03,63,0.0521,0.0271,0.4,HOLD
Yanquiel Fernández,Free Agents,RF,63,Common,0.03,63,0.0521,0.0271,0.4,HOLD
Rafael Lantigua,Free Agents,SS,63,Common,0.03,63,0.0521,0.0271,0.4,HOLD
Tom Murphy,Free Agents,C,63,Common,0.03,63,0.0521,0.0271,0.4,HOLD
Rhylan Thomas,Free Agents,RF,63,Common,0.03,63,0.0521,0.0271,0.4,HOLD
Braxton Fulford,Rockies,C,64,Common,-0.07,64,0.052,0.0351,1.0,HOLD
Alex Lange,Royals,RP,64,Common,-0.36,64,0.052,0.096,1.0,HOLD
Quincy Hamilton,Free Agents,CF,63,Common,0.03,63,0.052,0.0271,0.4,HOLD
DJ LeMahieu,Free Agents,2B,63,Common,0.03,63,0.052,0.0271,0.4,HOLD
Ben Cowles,Free Agents,SS,63,Common,0.03,63,0.052,0.0271,0.4,HOLD
Thayron Liranzo,Tigers,C,63,Common,0.03,63,0.052,0.0271,0.4,HOLD
Jihwan Bae,Free Agents,2B,63,Common,0.03,63,0.052,0.0271,0.4,HOLD
Christian Arroyo,Free Agents,3B,63,Common,0.03,63,0.052,0.0271,0.4,HOLD
Jerar Encarnacion,Free Agents,LF,63,Common,0.03,63,0.052,0.0271,0.4,HOLD
Enmanuel Valdez,Free Agents,1B,63,Common,0.03,63,0.052,0.0271,0.4,HOLD
Daniel Johnson,Free Agents,RF,63,Common,0.03,63,0.052,0.0271,0.4,HOLD
Tyler Gentry,Free Agents,RF,63,Common,0.03,63,0.052,0.0271,0.4,HOLD
Connor Joe,Free Agents,RF,63,Common,0.03,63,0.052,0.0271,0.4,HOLD
Orelvis Martinez,Free Agents,2B,63,Common,0.03,63,0.052,0.0271,0.4,HOLD
Steward Berroa,Free Agents,CF,63,Common,0.03,63,0.052,0.0271,0.4,HOLD
Luis Baez,Free Agents,RF,63,Common,0.03,63,0.052,0.0271,0.4,HOLD
Tristin English,Free Agents,RF,63,Common,0.03,63,0.052,0.0271,0.4,HOLD
Owen Miller,Free Agents,3B,63,Common,0.03,63,0.052,0.0271,0.4,HOLD
Luis De Los Santos,Free Agents,SS,63,Common,0.03,63,0.052,0.0271,0.4,HOLD
Phillip Sikes,Free Agents,RF,63,Common,0.03,63,0.052,0.0271,0.4,HOLD
Gavin Cross,Free Agents,RF,63,Common,0.03,63,0.052,0.0271,0.4,HOLD
Justin Sterner,Free Agents,RP,72,Bronze,-0.05,72,0.052,0.0921,0.2,HOLD
Tristan Beck,Giants,RP,67,Bronze,0.09,67,0.052,0.0577,-0.1,HOLD
Hogan Windish,Free Agents,1B,63,Common,0.03,63,0.0519,0.0271,0.4,HOLD
Eddie Rosario,Free Agents,LF,63,Common,0.03,63,0.0519,0.0271,0.4,HOLD
Kenedy Corona,Free Agents,RF,63,Common,0.03,63,0.0519,0.0271,0.4,HOLD
Will Robertson,Free Agents,RF,63,Common,0.03,63,0.0519,0.0271,0.4,HOLD
A.J. Vukovich,Free Agents,LF,63,Common,0.03,63,0.0519,0.0271,0.4,HOLD
Davis Wendzel,Free Agents,3B,63,Common,0.03,63,0.0519,0.0271,0.4,HOLD
Emmanuel Rivera,Free Agents,3B,63,Common,0.03,63,0.0519,0.0271,0.4,HOLD
John Rhodes,Free Agents,1B,63,Common,0.03,63,0.0519,0.0271,0.4,HOLD
Oscar Gonzalez,Free Agents,RF,63,Common,0.03,63,0.0519,0.0271,0.4,HOLD
Ryan Bliss,Mariners,2B,63,Common,0.03,63,0.0519,0.0271,0.4,HOLD
Zach DeLoach,Free Agents,RF,63,Common,0.03,63,0.0519,0.0271,0.4,HOLD
Hurston Waldrep,Free Agents,SP,72,Bronze,-0.05,72,0.0519,0.0912,0.2,HOLD
Tomoyuki Sugano,Rockies,SP,69,Bronze,-0.19,69,0.0519,0.0982,0.0,HOLD
Kris Bryant,Free Agents,1B,63,Common,0.03,63,0.0518,0.0271,0.4,HOLD
Jhostynxon Garcia,Pirates,RF,63,Common,0.03,63,0.0518,0.0271,0.4,HOLD
Andy Garriola,Free Agents,RF,63,Common,0.03,63,0.0518,0.0271,0.4,HOLD
David Bañuelos,Free Agents,C,63,Common,0.03,63,0.0518,0.0271,0.4,HOLD
Dylan Carlson,Free Agents,LF,63,Common,0.03,63,0.0518,0.0271,0.4,HOLD
Aramis Garcia,Free Agents,C,63,Common,0.03,63,0.0518,0.0271,0.4,HOLD
Corey Joyce,Free Agents,3B,63,Common,0.03,63,0.0518,0.0271,0.4,HOLD
Ryan Burr,Free Agents,RP,72,Bronze,-0.04,72,0.0518,0.091,0.2,HOLD
Mike Vasil,Free Agents,RP,72,Bronze,-0.04,72,0.0518,0.0908,0.2,HOLD
Hunter Harvey,Free Agents,CP,72,Bronze,-0.04,72,0.0518,0.0907,0.2,HOLD
Kutter Crawford,Free Agents,SP,72,Bronze,-0.04,72,0.0518,0.0907,0.2,HOLD
Lucas Giolito,Free Agents,SP,72,Bronze,-0.04,72,0.0518,0.0906,0.2,HOLD
Adrian Houser,Free Agents,SP,71,Bronze,-0.09,71,0.0518,0.0936,0.1,HOLD
George Soriano,Cardinals,RP,68,Bronze,-0.22,68,0.0518,0.0983,-0.1,HOLD
LaMonte Wade Jr.,Astros,1B,64,Common,-0.05,64,0.0517,0.0333,1.0,HOLD
Jonah Bride,Free Agents,1B,63,Common,0.03,63,0.0517,0.0271,0.4,HOLD
Travis Blankenhorn,Free Agents,2B,63,Common,0.03,63,0.0517,0.027,0.4,HOLD
Buddy Kennedy,Free Agents,3B,63,Common,0.03,63,0.0517,0.027,0.4,HOLD
Robert Stephenson,Free Agents,CP,72,Bronze,-0.04,72,0.0517,0.0899,0.2,HOLD
Luis Morales,Athletics,SP,72,Bronze,-0.04,72,0.0517,0.0899,0.2,HOLD
Miguel Castro,Free Agents,RP,72,Bronze,-0.04,72,0.0517,0.0898,0.2,HOLD
Nick Solak,Free Agents,1B,63,Common,0.02,63,0.0516,0.027,0.4,HOLD
Cole Sands,Free Agents,CP,72,Bronze,-0.04,72,0.0516,0.0897,0.2,HOLD
Josh Sborz,Free Agents,RP,72,Bronze,-0.04,72,0.0516,0.0896,0.2,HOLD
Justin Slaten,Free Agents,RP,72,Bronze,-0.04,72,0.0516,0.0896,0.2,HOLD
Porter Hodge,Free Agents,RP,72,Bronze,-0.04,72,0.0516,0.0894,0.2,HOLD
Jalen Beeks,Free Agents,RP,72,Bronze,-0.04,72,0.0516,0.0894,0.2,HOLD
Jordan Leasure,Free Agents,RP,72,Bronze,-0.04,72,0.0516,0.0893,0.2,HOLD
Tyler Kinley,Tigers,RP,72,Bronze,0.01,72,0.0516,0.0829,0.2,HOLD
Gage Jump,Athletics,SP,68,Bronze,-0.22,68,0.0516,0.0973,-0.1,HOLD
Blake Walston,Diamondbacks,SP,64,Common,0.12,64,0.0515,0.0458,1.0,HOLD
Spencer Turnbull,Free Agents,SP,72,Bronze,-0.03,72,0.0515,0.0888,0.2,HOLD
Zak Kent,Nationals,RP,61,Common,0.16,61,0.0515,0.0363,0.2,HOLD
Zach Eflin,Free Agents,SP,72,Bronze,-0.03,72,0.0514,0.0883,0.2,HOLD
Mike Burrows,Free Agents,SP,72,Bronze,-0.03,72,0.0514,0.0883,0.2,HOLD
Hunter Dobbins,Cardinals,SP,72,Bronze,-0.03,72,0.0514,0.0881,0.2,HOLD
Andrew Sears,Tigers,RP,56,Common,-0.46,56,0.0514,0.0628,0.0,HOLD
Rhett Lowder,Reds,SP,66,Bronze,-0.28,66,0.0514,0.0961,-0.9,HOLD
Matt Mervis,Free Agents,1B,62,Common,0.04,62,0.0513,0.0247,0.1,HOLD
Cade Povich,Orioles,RP,69,Common,-0.17,69,0.0513,0.0942,0.0,HOLD
Jose Quintana,Rockies,SP,69,Bronze,-0.17,69,0.0513,0.0944,0.0,HOLD
Zach McCambley,Reds,RP,60,Common,0.16,60,0.0513,0.0335,0.0,HOLD
Bryan Torres,Cardinals,RF,63,Common,-0.16,63,0.0512,0.04,0.4,HOLD
Junior Perez,White Sox,CF,62,Common,0.04,62,0.0512,0.0247,0.1,HOLD
Spencer Arrighetti,Blue Jays,SP,72,Bronze,-0.02,72,0.0511,0.0863,0.2,HOLD
Tim Herrin,Guardians,RP,68,Bronze,-0.2,68,0.0511,0.0943,-0.1,HOLD
Luis Castillo,White Sox,RP,64,Common,-0.33,64,0.051,0.0909,1.0,HOLD
Max Scherzer,Blue Jays,SP,72,Bronze,-0.02,72,0.051,0.0859,0.2,HOLD
Robert Garcia,Rangers,RP,70,Bronze,-0.12,70,0.051,0.091,0.0,HOLD
Justin Dean,Cubs,LF,63,Common,0.02,63,0.0508,0.027,0.4,HOLD
Sterlin Thompson,Rockies,RF,62,Common,0.03,62,0.0508,0.0246,0.1,HOLD
Tyler Callihan,Pirates,2B,62,Common,0.03,62,0.0508,0.0246,0.1,HOLD
Ivan Johnson,Reds,LF,62,Common,0.03,62,0.0508,0.0246,0.1,HOLD
Matt Svanson,Cardinals,RP,71,Bronze,-0.07,71,0.0508,0.0876,0.1,HOLD
Matt Festa,Guardians,RP,71,Bronze,-0.06,71,0.0508,0.0874,0.1,HOLD
Blaine Crim,Free Agents,1B,62,Common,0.03,62,0.0507,0.0246,0.1,HOLD
Erick Fedde,White Sox,SP,71,Bronze,0.02,71,0.0507,0.0767,0.1,HOLD
Rikuu Nishida,White Sox,RF,61,Common,0.05,61,0.0507,0.0225,0.1,HOLD
Derek Law,Free Agents,RP,70,Bronze,-0.11,70,0.0507,0.0889,0.0,HOLD
Luis Gil,Yankees,RP,68,Bronze,0.06,68,0.0507,0.0616,-0.1,HOLD
Yoendrys Gómez,Twins,CP,65,Bronze,-0.3,65,0.0507,0.0908,-1.8,HOLD
Will Wagner,Padres,2B,63,Common,0.01,63,0.0505,0.027,0.4,HOLD
Brian Serven,Athletics,C,63,Common,-0.11,63,0.0505,0.0349,0.4,HOLD
Darren Baker,Free Agents,2B,62,Common,0.03,62,0.0505,0.0246,0.1,HOLD
Mason Englert,Rays,RP,68,Bronze,-0.19,68,0.0505,0.0905,-0.1,HOLD
Logan Cerny,Free Agents,CF,62,Common,0.03,62,0.0504,0.0246,0.1,HOLD
Adam Hall,Free Agents,2B,62,Common,0.03,62,0.0504,0.0246,0.1,HOLD
Clarke Schmidt,Yankees,RP,70,Bronze,-0.1,70,0.0504,0.0877,0.0,HOLD
Cristian Javier,Astros,SP,70,Bronze,0.03,70,0.0504,0.0711,0.0,HOLD
Raymond Burgos,Red Sox,RP,62,Common,0.14,62,0.0503,0.0389,0.3,HOLD
Christian Bethancourt,Free Agents,C,62,Common,0.03,62,0.0503,0.0246,0.1,HOLD
Joe Delossantos,Free Agents,LF,62,Common,0.03,62,0.0503,0.0246,0.1,HOLD
Forrest Wall,Free Agents,CF,62,Common,0.03,62,0.0503,0.0246,0.1,HOLD
Émilien Pitre,Free Agents,2B,62,Common,0.03,62,0.0503,0.0246,0.1,HOLD
Ripken Reyes,Free Agents,2B,62,Common,0.03,62,0.0503,0.0246,0.1,HOLD
Caleb Ferguson,Free Agents,RP,71,Bronze,-0.05,71,0.0503,0.0847,0.1,HOLD
Cody Ponce,Free Agents,SP,71,Bronze,-0.05,71,0.0503,0.0847,0.1,HOLD
Tyler Locklear,Free Agents,1B,61,Common,0.05,61,0.0503,0.0224,0.1,HOLD
Hogan Harris,Athletics,CP,67,Bronze,-0.22,67,0.0503,0.0899,-0.3,HOLD
Tyler Alexander,Rangers,RP,63,Common,-0.34,63,0.0502,0.0849,0.5,HOLD
Sergio Alcantara,Free Agents,SS,62,Common,0.03,62,0.0502,0.0246,0.1,HOLD
Clay Dungan,Free Agents,2B,62,Common,0.03,62,0.0502,0.0246,0.1,HOLD
MJ Melendez,Free Agents,LF,62,Common,0.03,62,0.0502,0.0246,0.1,HOLD
Jared Oliva,Free Agents,CF,62,Common,0.03,62,0.0502,0.0246,0.1,HOLD
Matt Koperniak,Free Agents,RF,62,Common,0.03,62,0.0502,0.0246,0.1,HOLD
Aaron Schunk,Free Agents,3B,62,Common,0.03,62,0.0502,0.0246,0.1,HOLD
Mason McCoy,Padres,SS,62,Common,0.03,62,0.0502,0.0246,0.1,HOLD
Will Vest,Free Agents,RP,71,Bronze,-0.05,71,0.0502,0.0842,0.1,HOLD
Charlie Morton,Free Agents,SP,71,Bronze,-0.05,71,0.0502,0.0842,0.1,HOLD
Grant Anderson,Brewers,RP,71,Bronze,-0.05,71,0.0502,0.0841,0.1,HOLD
Randy Vásquez,Padres,RP,68,Bronze,-0.18,68,0.0502,0.0889,-0.1,HOLD
Jon Singleton,Free Agents,1B,62,Common,0.03,62,0.0501,0.0246,0.1,HOLD
John Curtiss,Free Agents,RP,71,Bronze,-0.04,71,0.0501,0.0835,0.1,HOLD
Joel Payamps,Free Agents,RP,71,Bronze,-0.04,71,0.0501,0.0832,0.1,HOLD
Phil Maton,Free Agents,RP,71,Bronze,-0.04,71,0.0501,0.0832,0.1,HOLD
Enyel De Los Santos,Astros,RP,69,Bronze,-0.14,69,0.0501,0.0876,0.0,HOLD
Luke Maile,Royals,C,54,Common,0.14,54,0.0501,0.0117,0.0,HOLD
Craig Yoho,Guardians,RP,70,Bronze,-0.09,70,0.0501,0.0856,0.0,HOLD
Nick Lodolo,Reds,SP,68,Bronze,-0.18,68,0.0501,0.0884,-0.1,HOLD
Victor Mederos,Braves,RP,65,Bronze,0.1,65,0.0501,0.049,-1.0,HOLD
Greg Allen,Free Agents,CF,62,Common,0.03,62,0.05,0.0246,0.1,HOLD
Jorbit Vivas,Nationals,2B,62,Common,0.03,62,0.05,0.0246,0.1,HOLD
Justyn-Henry Malloy,Free Agents,LF,62,Common,0.03,62,0.05,0.0246,0.1,HOLD
Brian O'Keefe,Free Agents,C,62,Common,0.03,62,0.05,0.0246,0.1,HOLD
Coco Montes,Free Agents,2B,62,Common,0.03,62,0.05,0.0246,0.1,HOLD
Nacho Alvarez Jr.,Angels,SS,62,Common,0.03,62,0.05,0.0246,0.1,HOLD
CJ Alexander,Free Agents,3B,62,Common,0.03,62,0.05,0.0246,0.1,HOLD
JP Sears,Padres,SP,71,Bronze,-0.04,71,0.05,0.0831,0.1,HOLD
Jared Koenig,Brewers,CP,71,Bronze,-0.04,71,0.05,0.0828,0.1,HOLD
Eddys Leonard,Free Agents,3B,61,Common,0.04,61,0.05,0.0224,0.1,HOLD
Clayton Beeter,Nationals,RP,69,Bronze,-0.13,69,0.05,0.0868,0.0,HOLD
Livan Soto,Free Agents,SS,62,Common,0.03,62,0.0499,0.0246,0.1,HOLD
Jordyn Adams,Free Agents,CF,62,Common,0.03,62,0.0499,0.0246,0.1,HOLD
Josh Hatcher,Free Agents,1B,62,Common,0.03,62,0.0499,0.0246,0.1,HOLD
Carlos Pérez,Free Agents,C,62,Common,0.03,62,0.0499,0.0246,0.1,HOLD
Chad Stevens,Rockies,3B,62,Common,0.03,62,0.0499,0.0246,0.1,HOLD
Ryan Ritter,Rockies,SS,62,Common,0.03,62,0.0499,0.0246,0.1,HOLD
Michael Siani,Free Agents,CF,62,Common,0.03,62,0.0499,0.0246,0.1,HOLD
José Quijada,Free Agents,RP,71,Bronze,-0.04,71,0.0499,0.0825,0.1,HOLD
Zack Kelly,Free Agents,CP,71,Bronze,-0.04,71,0.0499,0.0824,0.1,HOLD
Joey Lucchesi,Free Agents,RP,71,Bronze,-0.04,71,0.0499,0.0824,0.1,HOLD
Sam Huff,Free Agents,C,62,Common,0.03,62,0.0498,0.0246,0.1,HOLD
Seth Brown,Free Agents,LF,62,Common,0.03,62,0.0498,0.0246,0.1,HOLD
José Miranda,Free Agents,1B,62,Common,0.03,62,0.0498,0.0246,0.1,HOLD
Chase Dollander,Free Agents,SP,71,Bronze,-0.04,71,0.0498,0.082,0.1,HOLD
Ryan Borucki,Free Agents,RP,71,Bronze,-0.04,71,0.0498,0.0818,0.1,HOLD
Yariel Rodríguez,Free Agents,RP,71,Bronze,-0.03,71,0.0498,0.0815,0.1,HOLD
Shane Drohan,Brewers,SP,71,Bronze,0.01,71,0.0498,0.0762,0.1,HOLD
Cristian Pache,Mets,RF,61,Common,0.04,61,0.0498,0.0224,0.1,HOLD
Sebastian Rivero,Angels,C,61,Common,0.04,61,0.0498,0.0224,0.1,HOLD
Brewer Hicklen,Braves,LF,59,Common,0.07,59,0.0498,0.0186,0.0,HOLD
Adrian Del Castillo,Diamondbacks,C,63,Common,-0.05,63,0.0497,0.0303,0.4,HOLD
Dietrich Enns,Free Agents,RP,71,Bronze,-0.03,71,0.0497,0.0814,0.1,HOLD
Kody Funderburk,Twins,RP,69,Bronze,-0.13,69,0.0497,0.0854,0.0,HOLD
Jeferson Quero,Free Agents,C,62,Common,0.02,62,0.0496,0.0246,0.1,HOLD
Richard Lovelady,Nationals,RP,60,Common,-0.39,60,0.0496,0.0736,0.0,HOLD
Max Muncy,Athletics,3B,63,Common,0.0,63,0.0495,0.0269,0.4,HOLD
Aaron Sabato,Twins,1B,63,Common,-0.02,63,0.0494,0.0283,0.4,HOLD
Garrett Stubbs,Phillies,C,63,Common,-0.02,63,0.0494,0.0284,0.4,HOLD
Heston Kjerstad,Orioles,RF,63,Common,-0.03,63,0.0494,0.0287,0.4,HOLD
Kahlil Watson,Guardians,LF,62,Common,0.02,62,0.0494,0.0245,0.1,HOLD
Carlos Narváez,Orioles,C,62,Common,-0.17,62,0.0494,0.0372,0.1,HOLD
Gustavo Campero,Angels,RF,61,Common,0.04,61,0.0494,0.0224,0.1,HOLD
Tomás Nido,Free Agents,C,61,Common,0.04,61,0.0494,0.0224,0.1,HOLD
Keaton Winn,Free Agents,RP,71,Bronze,-0.02,71,0.0493,0.079,0.1,HOLD
Orlando Ribalta,Nationals,RP,70,Bronze,-0.07,70,0.0493,0.0815,0.0,HOLD
Michael Lorenzen,Free Agents,SP,64,Common,-0.29,64,0.0492,0.0819,1.0,HOLD
Grant McCray,Giants,CF,63,Common,-0.01,63,0.0492,0.0277,0.4,HOLD
Shawn Ross,Free Agents,C,61,Common,0.04,61,0.0491,0.0224,0.1,HOLD
Austin Slater,Free Agents,RF,61,Common,0.04,61,0.0491,0.0224,0.1,HOLD
Freddie Freeman,Dodgers,1B,81,Gold,-1.08,80,0.0491,0.7317,-238.9,DOWN
Ryan Yarbrough,Yankees,RP,66,Bronze,0.07,66,0.049,0.0524,-0.4,HOLD
Taylor Trammell,Astros,LF,61,Common,-0.29,61,0.0489,0.0447,0.1,HOLD
Jhony Brito,Padres,RP,71,Bronze,0.0,71,0.0488,0.0756,0.1,HOLD
Cal Raleigh,Mariners,C,79,Silver,-1.12,78,0.0488,0.7096,-18.1,DOWN
Connor Thomas,Royals,RP,54,Common,-0.42,54,0.0487,0.0481,0.0,HOLD
Andrew Pintar,Free Agents,CF,61,Common,0.03,61,0.0486,0.0223,0.1,HOLD
Jared McKenzie,Free Agents,RF,61,Common,0.03,61,0.0486,0.0223,0.1,HOLD
Wuilfredo Antúnez,Free Agents,CF,61,Common,0.03,61,0.0486,0.0223,0.1,HOLD
Ryan Walker,Giants,RP,70,Bronze,-0.05,70,0.0486,0.0773,0.0,HOLD
Clark Elliott,Free Agents,LF,61,Common,0.03,61,0.0485,0.0223,0.1,HOLD
Troy Schreffler Jr.,Free Agents,RF,61,Common,0.03,61,0.0485,0.0223,0.1,HOLD
Jorge Alcala,Free Agents,RP,70,Bronze,-0.04,70,0.0485,0.0767,0.0,HOLD
Luke Little,Royals,RP,70,Bronze,-0.04,70,0.0485,0.077,0.0,HOLD
Trevor McDonald,Free Agents,SP,70,Bronze,-0.04,70,0.0485,0.0771,0.0,HOLD
Caleb Ketchup,Free Agents,LF,61,Common,0.03,61,0.0484,0.0223,0.1,HOLD
Dominic Keegan,Free Agents,C,61,Common,0.03,61,0.0484,0.0223,0.1,HOLD
Cody Morissette,Free Agents,2B,61,Common,0.03,61,0.0484,0.0223,0.1,HOLD
Hunter Stovall,Free Agents,3B,61,Common,0.03,61,0.0484,0.0223,0.1,HOLD
Andrew Velazquez,Free Agents,CF,61,Common,0.03,61,0.0484,0.0223,0.1,HOLD
Kyler Fedko,Free Agents,LF,61,Common,0.03,61,0.0484,0.0223,0.1,HOLD
Brennen Davis,Free Agents,CF,61,Common,0.03,61,0.0484,0.0223,0.1,HOLD
Tyler Miller,Free Agents,1B,61,Common,0.03,61,0.0484,0.0223,0.1,HOLD
Ben Casparius,Free Agents,RP,70,Bronze,-0.04,70,0.0484,0.0765,0.0,HOLD
Aaron Brooks,Free Agents,SP,70,Bronze,-0.04,70,0.0484,0.0761,0.0,HOLD
Johan Oviedo,Free Agents,RP,70,Bronze,-0.04,70,0.0484,0.0762,0.0,HOLD
Tyler Anderson,Free Agents,SP,70,Bronze,-0.04,70,0.0484,0.0762,0.0,HOLD
Alec Marsh,Free Agents,SP,70,Bronze,-0.04,70,0.0484,0.0765,0.0,HOLD
Angel Genao,Guardians,SS,62,Common,-0.08,62,0.0483,0.0299,0.1,HOLD
Diego Cartaya,Free Agents,C,61,Common,0.03,61,0.0483,0.0223,0.1,HOLD
Tanner Schobel,Free Agents,SS,61,Common,0.03,61,0.0483,0.0223,0.1,HOLD
Chase Davis,Free Agents,CF,61,Common,0.03,61,0.0483,0.0223,0.1,HOLD
Drew Compton,Free Agents,3B,61,Common,0.03,61,0.0483,0.0223,0.1,HOLD
Wilfred Veras,Free Agents,RF,61,Common,0.03,61,0.0483,0.0223,0.1,HOLD
Woo-Suk Go,Free Agents,RP,70,Bronze,-0.04,70,0.0483,0.0757,0.0,HOLD
Sean Reid-Foley,Free Agents,RP,70,Bronze,-0.04,70,0.0483,0.0758,0.0,HOLD
Ryan Brasier,Free Agents,RP,70,Bronze,-0.04,70,0.0483,0.0759,0.0,HOLD
Pedro Avila,Free Agents,RP,70,Bronze,-0.04,70,0.0483,0.076,0.0,HOLD
Justin Wilson,Free Agents,RP,70,Bronze,-0.04,70,0.0483,0.0761,0.0,HOLD
Reed Garrett,Free Agents,RP,70,Bronze,-0.04,70,0.0483,0.076,0.0,HOLD
JR Ritchie,Braves,SP,67,Bronze,-0.17,67,0.0483,0.0793,-0.2,HOLD
Tony Santillan,Reds,RP,66,Bronze,0.07,66,0.0483,0.0522,-0.4,HOLD
Blas Castaño,Rockies,SP,61,Common,0.13,61,0.0482,0.0355,0.1,HOLD
Murphy Stehly,Free Agents,3B,61,Common,0.03,61,0.0482,0.0223,0.1,HOLD
Joe Redfield,Free Agents,LF,61,Common,0.03,61,0.0482,0.0223,0.1,HOLD
Jaylen Palmer,Free Agents,3B,61,Common,0.03,61,0.0482,0.0223,0.1,HOLD
Johnathan Rodríguez,Free Agents,RF,61,Common,0.03,61,0.0482,0.0223,0.1,HOLD
Jamie Westbrook,Free Agents,LF,61,Common,0.03,61,0.0482,0.0223,0.1,HOLD
Nathan Martorella,Free Agents,1B,61,Common,0.03,61,0.0482,0.0223,0.1,HOLD
Kyle Hess,Free Agents,RF,61,Common,0.03,61,0.0482,0.0223,0.1,HOLD
Nick Sandlin,Free Agents,RP,70,Bronze,-0.04,70,0.0482,0.0753,0.0,HOLD
Andre Lipcius,Free Agents,2B,61,Common,0.03,61,0.0481,0.0223,0.1,HOLD
René Pinto,Free Agents,C,61,Common,0.03,61,0.0481,0.0223,0.1,HOLD
Zach Dezenzo,Astros,RF,61,Common,0.03,61,0.0481,0.0223,0.1,HOLD
Chad Green,Free Agents,RP,70,Bronze,-0.03,70,0.0481,0.0751,0.0,HOLD
Miles Mikolas,Free Agents,SP,68,Bronze,-0.12,68,0.0481,0.0779,-0.1,HOLD
Mitch Haniger,Free Agents,RF,61,Common,0.03,61,0.048,0.0223,0.1,HOLD
Zack Short,Free Agents,SS,61,Common,0.03,61,0.0479,0.0223,0.1,HOLD
Justin Hagenman,Mets,RP,62,Common,-0.3,62,0.0478,0.0721,0.3,HOLD
Zac Veen,Rockies,RF,62,Common,-0.04,62,0.0477,0.0269,0.1,HOLD
Joey Meneses,Free Agents,1B,61,Common,0.02,61,0.0477,0.0223,0.1,HOLD
MacKenzie Gore,Rangers,SP,70,Bronze,-0.02,70,0.0477,0.0726,0.0,HOLD
Braxton Garrett,Cubs,SP,68,Bronze,0.03,68,0.0476,0.0602,-0.1,HOLD
Lucas Erceg,Royals,CP,65,Bronze,-0.22,65,0.0475,0.0754,-1.5,HOLD
Seth Johnson,Athletics,RP,61,Common,-0.32,61,0.0474,0.0685,0.2,HOLD
Keston Hiura,Free Agents,1B,60,Common,0.04,60,0.0474,0.0203,0.0,HOLD
Seth Halvorsen,Dodgers,RP,64,Common,0.09,64,0.0473,0.0445,0.9,HOLD
J.T. Realmuto,Phillies,C,74,Bronze,-1.2,73,0.0472,0.653,1.5,DOWN
Wilber Dotel,Pirates,RP,62,Common,-0.29,62,0.0472,0.0699,0.3,HOLD
Cole Winn,Rangers,RP,69,Bronze,-0.05,69,0.0472,0.0721,0.0,HOLD
Luinder Avila,Free Agents,SP,69,Bronze,-0.05,69,0.0472,0.0722,0.0,HOLD
Sam Moll,Free Agents,RP,68,Bronze,-0.1,68,0.0472,0.0731,-0.1,HOLD
Kyle Hart,Padres,RP,68,Bronze,-0.1,68,0.0472,0.0735,-0.1,HOLD
Maximo Acosta,Marlins,SS,60,Common,0.03,60,0.0471,0.0203,0.0,HOLD
Nick Mears,Free Agents,RP,69,Bronze,-0.05,69,0.0471,0.0715,0.0,HOLD
Kyle Finnegan,Tigers,RP,64,Common,-0.23,64,0.047,0.0721,0.9,HOLD
Ryan McCarty,Free Agents,3B,60,Common,0.03,60,0.047,0.0203,0.0,HOLD
Michael Stefanic,Athletics,3B,61,Common,0.01,61,0.0469,0.0222,0.1,HOLD
Cade Fergus,Free Agents,CF,60,Common,0.03,60,0.0469,0.0203,0.0,HOLD
Guy Lipscomb,Free Agents,RF,60,Common,0.03,60,0.0469,0.0203,0.0,HOLD
Sam Hentges,Giants,RP,68,Bronze,-0.09,68,0.0469,0.0717,-0.1,HOLD
Samy Natera Jr.,Angels,RP,66,Bronze,-0.17,66,0.0469,0.0728,-0.7,HOLD
Cristopher Sánchez,Phillies,SP,86,Diamond,-1.0,85,0.0469,0.7909,-1316.0,DOWN
Zach Maxwell,Reds,RP,69,Bronze,-0.04,69,0.0468,0.0699,0.0,HOLD
Ryan Bergert,Royals,RP,69,Bronze,-0.04,69,0.0468,0.0699,0.0,HOLD
Jalen Battles,Free Agents,3B,60,Common,0.03,60,0.0468,0.0203,0.0,HOLD
Korey Holland,Free Agents,LF,60,Common,0.03,60,0.0468,0.0203,0.0,HOLD
Matheu Nelson,Free Agents,C,60,Common,0.03,60,0.0468,0.0203,0.0,HOLD
Eric Yang,Free Agents,C,60,Common,0.03,60,0.0467,0.0203,0.0,HOLD
Daysbel Hernández,Free Agents,RP,69,Bronze,-0.04,69,0.0467,0.0694,0.0,HOLD
Josh Kasevich,Free Agents,2B,60,Common,0.03,60,0.0467,0.0203,0.0,HOLD
Jack Rogers,Free Agents,RF,60,Common,0.03,60,0.0467,0.0203,0.0,HOLD
Gavin Dugas,Free Agents,2B,60,Common,0.03,60,0.0467,0.0203,0.0,HOLD
Kaleb Ort,Free Agents,RP,69,Bronze,-0.04,69,0.0467,0.0697,0.0,HOLD
R.J. Yeager,Free Agents,1B,60,Common,0.03,60,0.0467,0.0203,0.0,HOLD
Riley Tirotta,Free Agents,3B,60,Common,0.03,60,0.0467,0.0203,0.0,HOLD
Ben Lively,Free Agents,SP,69,Bronze,-0.04,69,0.0467,0.0698,0.0,HOLD
Chris Murphy,White Sox,RP,68,Bronze,-0.08,68,0.0467,0.0711,-0.1,HOLD
Tanner Houck,Red Sox,RP,66,Bronze,0.06,66,0.0467,0.0516,-0.4,HOLD
Luis De León,Orioles,SP,64,Common,0.08,64,0.0466,0.0443,0.9,HOLD
Cam Fisher,Free Agents,LF,60,Common,0.03,60,0.0466,0.0203,0.0,HOLD
Tommy Kahnle,Free Agents,RP,69,Bronze,-0.04,69,0.0466,0.0692,0.0,HOLD
Hayden Senger,Mets,C,60,Common,0.03,60,0.0466,0.0203,0.0,HOLD
Anthony Servideo,Free Agents,SS,60,Common,0.03,60,0.0466,0.0203,0.0,HOLD
Gavin Hollowell,Cubs,RP,68,Bronze,0.03,68,0.0466,0.0598,-0.1,HOLD
Blake Hunt,Free Agents,C,60,Common,0.03,60,0.0465,0.0203,0.0,HOLD
Nick Podkul,Free Agents,1B,60,Common,0.03,60,0.0465,0.0203,0.0,HOLD
TT Bowens,Free Agents,1B,60,Common,0.03,60,0.0465,0.0203,0.0,HOLD
Johnny Olmstead,Marlins,SS,60,Common,0.03,60,0.0465,0.0203,0.0,HOLD
José Rodriguez,Free Agents,SS,60,Common,0.03,60,0.0465,0.0203,0.0,HOLD
Willie MacIver,Mariners,C,60,Common,0.03,60,0.0465,0.0203,0.0,HOLD
Haydn McGeary,Free Agents,1B,60,Common,0.03,60,0.0464,0.0203,0.0,HOLD
Caleb Kilian,Free Agents,RP,68,Bronze,-0.07,68,0.0464,0.0695,-0.1,HOLD
Kyle McCann,Free Agents,C,60,Common,0.03,60,0.0463,0.0202,0.0,HOLD
James Triantos,Cubs,2B,60,Common,0.03,60,0.0463,0.0203,0.0,HOLD
Trei Cruz,Free Agents,RF,60,Common,0.03,60,0.0463,0.0202,0.0,HOLD
Wandy Peralta,Padres,RP,65,Bronze,-0.18,65,0.0463,0.0699,-1.4,HOLD
Eloy Jiménez,Free Agents,LF,59,Common,0.04,59,0.0462,0.0185,0.0,HOLD
Troy Taylor,Mariners,RP,64,Common,0.08,64,0.0461,0.0441,0.9,HOLD
Easton McGee,Royals,RP,61,Common,-0.29,61,0.0461,0.0637,0.2,HOLD
Luke Williams,Braves,LF,60,Common,0.02,60,0.0459,0.0202,0.0,HOLD
Mark Leiter Jr.,Free Agents,RP,68,Bronze,-0.06,68,0.0459,0.0672,-0.1,HOLD
Josiah Gray,Nationals,SP,66,Bronze,-0.14,66,0.0459,0.0684,-0.6,HOLD
DaShawn Keirsey Jr.,Braves,CF,61,Common,0.0,61,0.0458,0.0222,0.1,HOLD
Tony Gonsolin,Royals,SP,68,Bronze,-0.06,68,0.0458,0.0668,-0.1,HOLD
Aaron Civale,Cubs,RP,68,Bronze,0.02,68,0.0457,0.0594,-0.1,HOLD
Alex Hoppe,Orioles,RP,63,Common,-0.23,63,0.0456,0.0654,0.5,HOLD
John King,Free Agents,RP,68,Bronze,-0.05,68,0.0456,0.0658,-0.1,HOLD
Kodai Senga,Mets,CP,66,Bronze,-0.13,66,0.0456,0.0673,-0.6,HOLD
Brenan Hanifee,Tigers,RP,68,Bronze,-0.05,68,0.0455,0.0653,-0.1,HOLD
Gavin Stone,Free Agents,RP,68,Bronze,-0.05,68,0.0455,0.0653,-0.1,HOLD
Mickey Gasper,Red Sox,1B,61,Common,-0.0,61,0.0454,0.0222,0.1,HOLD
Edouard Julien,Free Agents,2B,59,Common,0.03,59,0.0454,0.0184,0.0,HOLD
Tyler Matzek,Free Agents,RP,68,Bronze,-0.04,68,0.0454,0.0648,-0.1,HOLD
Viandel Pena,Free Agents,2B,59,Common,0.03,59,0.0453,0.0184,0.0,HOLD
Leonardo Balcazar,Free Agents,SS,59,Common,0.03,59,0.0453,0.0184,0.0,HOLD
Dasan Brown,Free Agents,CF,59,Common,0.03,59,0.0453,0.0184,0.0,HOLD
Darius Vines,Free Agents,SP,68,Bronze,-0.04,68,0.0453,0.0643,-0.1,HOLD
Hayden Birdsong,Free Agents,RP,68,Bronze,-0.04,68,0.0453,0.0643,-0.1,HOLD
Dauri Moreta,Free Agents,RP,68,Bronze,-0.04,68,0.0453,0.0644,-0.1,HOLD
Lou Trivino III,Free Agents,RP,68,Bronze,-0.04,68,0.0453,0.0644,-0.1,HOLD
Nabil Crismatt,Free Agents,SP,68,Bronze,-0.04,68,0.0453,0.0644,-0.1,HOLD
Hans Crouse,Free Agents,RP,68,Bronze,-0.04,68,0.0453,0.0644,-0.1,HOLD
Bryan Hoeing,Free Agents,RP,68,Bronze,-0.04,68,0.0453,0.0645,-0.1,HOLD
Enoli Paredes,Free Agents,RP,68,Bronze,-0.04,68,0.0453,0.0645,-0.1,HOLD
Anthony DeSclafani,Free Agents,SP,68,Bronze,-0.04,68,0.0453,0.0645,-0.1,HOLD
Bowden Francis,Free Agents,SP,68,Bronze,-0.04,68,0.0453,0.0646,-0.1,HOLD
Cole Henry,Free Agents,RP,68,Bronze,-0.04,68,0.0453,0.0646,-0.1,HOLD
Frankie Montas,Free Agents,SP,68,Bronze,-0.04,68,0.0453,0.0646,-0.1,HOLD
Ian Gibaut,Free Agents,RP,68,Bronze,-0.04,68,0.0453,0.0646,-0.1,HOLD
J.T. Arruda,Free Agents,2B,59,Common,0.03,59,0.0452,0.0184,0.0,HOLD
Aaron Zavala,Free Agents,CF,59,Common,0.03,59,0.0452,0.0184,0.0,HOLD
Dan Altavilla,Free Agents,RP,68,Bronze,-0.04,68,0.0452,0.064,-0.1,HOLD
Steven Wilson,Free Agents,RP,68,Bronze,-0.04,68,0.0452,0.0641,-0.1,HOLD
Luis Garcia,Free Agents,SP,68,Bronze,-0.04,68,0.0452,0.0642,-0.1,HOLD
Alex Faedo,Free Agents,RP,68,Bronze,-0.04,68,0.0452,0.0642,-0.1,HOLD
Reed Trimble,Free Agents,RF,59,Common,0.03,59,0.0451,0.0184,0.0,HOLD
Tres Gonzalez,Free Agents,LF,59,Common,0.03,59,0.0451,0.0184,0.0,HOLD
Zach Morgan,Giants,C,59,Common,0.03,59,0.0451,0.0184,0.0,HOLD
Greg Jones,Free Agents,CF,59,Common,0.03,59,0.0451,0.0184,0.0,HOLD
Kai-Wei Teng,Astros,RP,68,Bronze,-0.03,68,0.0451,0.0634,-0.1,HOLD
Joel Peguero,Free Agents,RP,68,Bronze,-0.03,68,0.0451,0.0634,-0.1,HOLD
Michael Kelly,Free Agents,RP,68,Bronze,-0.03,68,0.0451,0.0635,-0.1,HOLD
Kolby Allard,Free Agents,RP,68,Bronze,-0.04,68,0.0451,0.0636,-0.1,HOLD
Matt Bowman,Free Agents,RP,68,Bronze,-0.04,68,0.0451,0.0638,-0.1,HOLD
Andrew Chafin,Free Agents,RP,68,Bronze,-0.04,68,0.0451,0.0638,-0.1,HOLD
Hunter Strickland,Free Agents,RP,68,Bronze,-0.04,68,0.0451,0.0638,-0.1,HOLD
Billy McKinney,Free Agents,RF,59,Common,0.03,59,0.045,0.0184,0.0,HOLD
Chandler Seagle,Free Agents,C,59,Common,0.03,59,0.045,0.0184,0.0,HOLD
Milan Tolentino,Free Agents,SS,59,Common,0.03,59,0.045,0.0184,0.0,HOLD
Joshua Palacios,Free Agents,RF,59,Common,0.03,59,0.045,0.0184,0.0,HOLD
Andrew Saalfrank,Free Agents,CP,68,Bronze,-0.03,68,0.045,0.0631,-0.1,HOLD
Sean Bouchard,Free Agents,LF,59,Common,0.03,59,0.0449,0.0184,0.0,HOLD
Luis Vazquez,Free Agents,2B,59,Common,0.03,59,0.0449,0.0184,0.0,HOLD
Hendry Mendez,Twins,LF,59,Common,0.03,59,0.0449,0.0184,0.0,HOLD
Jack Kochanowicz,Free Agents,SP,68,Bronze,-0.03,68,0.0449,0.0625,-0.1,HOLD
Kendall Simmons,Free Agents,2B,59,Common,0.03,59,0.0448,0.0184,0.0,HOLD
Kevin Sim,Free Agents,1B,59,Common,0.03,59,0.0448,0.0184,0.0,HOLD
Ben Rortvedt,Free Agents,C,59,Common,0.03,59,0.0448,0.0184,0.0,HOLD
Oliver Dunn,Free Agents,3B,59,Common,0.03,59,0.0448,0.0184,0.0,HOLD
Luke Adams,Brewers,1B,59,Common,0.03,59,0.0448,0.0184,0.0,HOLD
Niko Kavadas,Free Agents,1B,59,Common,0.03,59,0.0448,0.0184,0.0,HOLD
Chris Taylor,Free Agents,LF,59,Common,0.03,59,0.0448,0.0184,0.0,HOLD
Bryce Arnold,Free Agents,2B,59,Common,0.03,59,0.0448,0.0184,0.0,HOLD
Cavan Biggio,Free Agents,2B,59,Common,0.03,59,0.0448,0.0184,0.0,HOLD
Tyler Gilbert,Free Agents,RP,68,Bronze,-0.03,68,0.0448,0.0625,-0.1,HOLD
Gage Workman,Padres,3B,59,Common,0.03,59,0.0447,0.0184,0.0,HOLD
Cionel Pérez,Mets,RP,59,Common,0.12,59,0.0447,0.0295,0.0,HOLD
Max Burt,Free Agents,2B,59,Common,0.03,59,0.0447,0.0184,0.0,HOLD
J.P. Feyereisen,Free Agents,RP,68,Bronze,-0.02,68,0.0447,0.0618,-0.1,HOLD
César Salazar,Free Agents,C,59,Common,0.03,59,0.0446,0.0184,0.0,HOLD
Bryse Wilson,Brewers,RP,63,Common,-0.2,63,0.0443,0.0605,0.4,HOLD
Tsung-Che Cheng,Red Sox,SS,58,Common,0.04,58,0.0443,0.0167,0.0,HOLD
Jackson Kent,Nationals,SP,60,Common,-0.27,60,0.0443,0.0556,0.0,HOLD
Danyer Cueva,Free Agents,SS,58,Common,0.04,58,0.0443,0.0167,0.0,HOLD
JT Brubaker,Giants,RP,67,Bronze,-0.06,67,0.0443,0.0611,-0.2,HOLD
Will Klein,Free Agents,RP,66,Bronze,-0.09,66,0.0443,0.0616,-0.5,HOLD
Ozzie Albies,Braves,2B,76,Silver,-1.22,75,0.0443,0.7067,-26.4,DOWN
Brett Callahan,Tigers,CF,60,Common,-0.04,60,0.0442,0.0219,0.0,HOLD
Nate Furman,Giants,3B,60,Common,-0.04,60,0.0442,0.022,0.0,HOLD
Keegan Thompson,Free Agents,RP,68,Bronze,-0.0,68,0.044,0.059,-0.1,HOLD
Cam Sanders,Orioles,RP,67,Bronze,-0.04,67,0.044,0.0597,-0.2,HOLD
Mick Abel,Free Agents,SP,67,Bronze,-0.04,67,0.044,0.0597,-0.2,HOLD
Gunnar Hoglund,Free Agents,SP,67,Bronze,-0.04,67,0.044,0.0598,-0.2,HOLD
Joel Kuhnel,Giants,RP,66,Bronze,-0.09,66,0.044,0.0603,-0.5,HOLD
Jase Bowen,Padres,CF,60,Common,0.0,60,0.0439,0.0201,0.0,HOLD
Jace Jung,Tigers,3B,60,Common,-0.01,60,0.0439,0.0208,0.0,HOLD
Jon Gray,Free Agents,SP,67,Bronze,-0.04,67,0.0439,0.0593,-0.2,HOLD
Kyle Nicolas,Nationals,RP,67,Bronze,-0.04,67,0.0439,0.0594,-0.2,HOLD
Jorge Barrosa,Astros,CF,60,Common,0.0,60,0.0438,0.0201,0.0,HOLD
Spence Coffman,Free Agents,CF,58,Common,0.03,58,0.0438,0.0167,0.0,HOLD
Alexis Díaz,Free Agents,RP,67,Bronze,-0.04,67,0.0438,0.0589,-0.2,HOLD
Keegan Akin,Free Agents,RP,67,Bronze,-0.04,67,0.0438,0.0589,-0.2,HOLD
Drew Thorpe,White Sox,SP,67,Bronze,-0.04,67,0.0438,0.059,-0.2,HOLD
Austin Cox,Free Agents,RP,67,Bronze,-0.04,67,0.0438,0.0591,-0.2,HOLD
Ethan Workinger,Free Agents,RF,58,Common,0.03,58,0.0437,0.0167,0.0,HOLD
Paul Witt,Free Agents,3B,58,Common,0.03,58,0.0437,0.0167,0.0,HOLD
Josh Rivera,Free Agents,3B,58,Common,0.03,58,0.0437,0.0167,0.0,HOLD
Yiddi Cappe,Free Agents,2B,58,Common,0.03,58,0.0437,0.0167,0.0,HOLD
Adam Hackenberg,Free Agents,C,58,Common,0.03,58,0.0437,0.0167,0.0,HOLD
Aaron Bummer,Free Agents,RP,67,Bronze,-0.04,67,0.0437,0.0585,-0.2,HOLD
Isaac Mattson,Pirates,RP,67,Bronze,-0.04,67,0.0437,0.0585,-0.2,HOLD
Rafael Montero,Free Agents,RP,67,Bronze,-0.04,67,0.0437,0.0587,-0.2,HOLD
Caeden Trenkle,Free Agents,LF,58,Common,0.03,58,0.0436,0.0167,0.0,HOLD
Abimelec Ortiz,Nationals,1B,59,Common,-0.12,59,0.0436,0.0246,0.0,HOLD
Logan Driscoll,Marlins,C,58,Common,0.03,58,0.0436,0.0167,0.0,HOLD
William Lugo,Free Agents,2B,58,Common,0.03,58,0.0436,0.0167,0.0,HOLD
T.J. Schofield-Sam,Free Agents,1B,58,Common,0.03,58,0.0436,0.0167,0.0,HOLD
Robert Brooks,Free Agents,C,58,Common,0.03,58,0.0436,0.0167,0.0,HOLD
Tommy Sacco Jr.,Free Agents,SS,58,Common,0.03,58,0.0436,0.0167,0.0,HOLD
Rob Brantly,Free Agents,C,57,Common,0.04,57,0.0436,0.0152,0.0,HOLD
Travis Honeyman,Free Agents,LF,58,Common,0.03,58,0.0436,0.0167,0.0,HOLD
P.J. Higgins,Free Agents,C,58,Common,0.03,58,0.0436,0.0167,0.0,HOLD
Ron Marinaccio,Free Agents,RP,66,Bronze,-0.07,66,0.0436,0.0586,-0.5,HOLD
Luke Jackson,Free Agents,RP,66,Bronze,-0.07,66,0.0436,0.0589,-0.5,HOLD
Austin Murr,Free Agents,LF,58,Common,0.03,58,0.0435,0.0167,0.0,HOLD
Kevin Maitan,Free Agents,3B,58,Common,0.03,58,0.0435,0.0167,0.0,HOLD
Anthony Rendon,Free Agents,3B,58,Common,0.03,58,0.0434,0.0167,0.0,HOLD
Cal Stevenson,Free Agents,LF,58,Common,0.03,58,0.0434,0.0167,0.0,HOLD
Danny Young,Free Agents,RP,67,Bronze,-0.03,67,0.0434,0.0574,-0.2,HOLD
Zavier Warren,Free Agents,SS,58,Common,0.03,58,0.0433,0.0167,0.0,HOLD
DJ Stewart,Free Agents,RF,58,Common,0.03,58,0.0433,0.0167,0.0,HOLD
Michael Fulmer,Yankees,RP,66,Bronze,0.02,66,0.0433,0.0502,-0.4,HOLD
Keaton Anthony,Free Agents,1B,58,Common,0.03,58,0.0432,0.0167,0.0,HOLD
Chadwick Tromp,Free Agents,C,58,Common,0.03,58,0.0432,0.0167,0.0,HOLD
Matt Gage,Free Agents,RP,67,Bronze,-0.02,67,0.0432,0.0565,-0.2,HOLD
Logan Porter,Angels,C,58,Common,0.03,58,0.0431,0.0167,0.0,HOLD
Cody Laweryson,Free Agents,RP,66,Bronze,-0.05,66,0.0429,0.056,-0.5,HOLD
Jaden Hill,Rockies,RP,65,Bronze,-0.09,65,0.0429,0.0562,-1.1,HOLD
Trevor Gott,Free Agents,RP,63,Common,0.06,63,0.0428,0.0398,0.4,HOLD
Chase Lee,Blue Jays,RP,67,Bronze,-0.01,67,0.0428,0.0551,-0.2,HOLD
Carlos Hernández,Free Agents,CP,66,Bronze,-0.05,66,0.0428,0.0556,-0.5,HOLD
Juan Burgos,Diamondbacks,RP,66,Bronze,-0.05,66,0.0428,0.0558,-0.5,HOLD
Spencer Bivens,Royals,RP,65,Bronze,0.03,65,0.0428,0.0464,-0.9,HOLD
Drew Pomeranz,Free Agents,RP,66,Bronze,-0.05,66,0.0427,0.0552,-0.5,HOLD
Tim Hill,Yankees,RP,66,Bronze,-0.05,66,0.0427,0.0552,-0.5,HOLD
Jesse Scholtens,Rays,RP,66,Bronze,-0.05,66,0.0427,0.0553,-0.5,HOLD
Bailey Falter,Free Agents,RP,65,Bronze,-0.09,65,0.0427,0.0554,-1.1,HOLD
David Festa,Free Agents,RP,66,Bronze,-0.04,66,0.0426,0.0548,-0.5,HOLD
Zack Thompson,Free Agents,RP,66,Bronze,-0.05,66,0.0426,0.0549,-0.5,HOLD
Yerry de los Santos,Yankees,RP,66,Bronze,-0.05,66,0.0426,0.055,-0.5,HOLD
Lyle Lin,Free Agents,C,57,Common,0.03,57,0.0425,0.0152,0.0,HOLD
Brock Rodden,Mariners,SS,59,Common,-0.02,59,0.0425,0.0193,0.0,HOLD
Joe Mantiply,Blue Jays,RP,66,Bronze,0.01,66,0.0425,0.0499,-0.4,HOLD
Robby Snelling,Free Agents,SP,66,Bronze,-0.04,66,0.0425,0.0543,-0.5,HOLD
Brandon Walter,Free Agents,RP,66,Bronze,-0.04,66,0.0425,0.0544,-0.5,HOLD
Michael Grove,Braves,RP,66,Bronze,-0.04,66,0.0425,0.0546,-0.5,HOLD
Lance McCullers Jr.,Free Agents,SP,66,Bronze,-0.04,66,0.0425,0.0546,-0.5,HOLD
Zach Humphreys,Free Agents,C,57,Common,0.03,57,0.0424,0.0152,0.0,HOLD
Terrin Vavra,Free Agents,2B,56,Common,0.05,56,0.0424,0.0138,0.0,HOLD
William Bergolla,Free Agents,SS,56,Common,0.05,56,0.0424,0.0138,0.0,HOLD
Luis Curvelo,Free Agents,CP,66,Bronze,-0.04,66,0.0424,0.0539,-0.5,HOLD
Darren McCaughan,Free Agents,SP,66,Bronze,-0.04,66,0.0424,0.054,-0.5,HOLD
Michael Tonkin,Free Agents,RP,66,Bronze,-0.04,66,0.0424,0.0541,-0.5,HOLD
Jair Camargo,Free Agents,C,58,Common,0.02,58,0.0423,0.0166,0.0,HOLD
Damon Dues,Free Agents,2B,57,Common,0.03,57,0.0423,0.0152,0.0,HOLD
Will Banfield,Reds,C,59,Common,-0.01,59,0.0423,0.0188,0.0,HOLD
Ethan Murray,Free Agents,2B,57,Common,0.03,57,0.0423,0.0151,0.0,HOLD
Zach Agnos,Rockies,RP,57,Common,-0.27,57,0.0423,0.0435,0.0,HOLD
José Barrero,Orioles,SS,59,Common,-0.01,59,0.0423,0.0188,0.0,HOLD
Konnor Pilkington,Free Agents,RP,66,Bronze,-0.04,66,0.0423,0.0536,-0.5,HOLD
Brandon Waddell,Free Agents,RP,66,Bronze,-0.04,66,0.0423,0.0538,-0.5,HOLD
Tyler Robertson,Free Agents,LF,57,Common,0.03,57,0.0422,0.0151,0.0,HOLD
Wyatt Hendrie,Free Agents,C,57,Common,0.03,57,0.0422,0.0151,0.0,HOLD
Brady Lindsly,Free Agents,C,57,Common,0.03,57,0.0422,0.0151,0.0,HOLD
Jadher Areinamo,Rays,2B,57,Common,0.03,57,0.0422,0.0151,0.0,HOLD
Nick Schnell,Free Agents,RF,57,Common,0.03,57,0.0422,0.0151,0.0,HOLD
Jack Winkler,Free Agents,SS,57,Common,0.03,57,0.0422,0.0151,0.0,HOLD
Julian Garcia,Reds,RP,66,Bronze,0.01,66,0.0422,0.0497,-0.4,HOLD
Zach Pop,Free Agents,RP,66,Bronze,-0.04,66,0.0422,0.0535,-0.5,HOLD
Simeon WoodsRichardson,Free Agents,RP,66,Common,-0.04,66,0.0422,0.0535,-0.5,HOLD
Yaramil Hiraldo,Orioles,RP,64,Common,-0.1,64,0.0421,0.0531,0.8,HOLD
Tucker Flint,Free Agents,RF,57,Common,0.03,57,0.0421,0.0151,0.0,HOLD
Nick Schwartz,Free Agents,C,57,Common,0.03,57,0.0421,0.0151,0.0,HOLD
Andrew Jenkins,Free Agents,1B,57,Common,0.03,57,0.0421,0.0151,0.0,HOLD
LuJames Groover,Diamondbacks,2B,57,Common,0.03,57,0.0421,0.0151,0.0,HOLD
Tyler Wade,Free Agents,CF,57,Common,0.03,57,0.0421,0.0151,0.0,HOLD
Jacob Amaya,Free Agents,SS,57,Common,0.03,57,0.042,0.0151,0.0,HOLD
Brock Vradenburg,Free Agents,1B,57,Common,0.03,57,0.042,0.0151,0.0,HOLD
Max Kranick,Free Agents,RP,66,Bronze,-0.03,66,0.042,0.0525,-0.4,HOLD
Colton Gordon,Brewers,SP,63,Common,0.05,63,0.0418,0.0395,0.4,HOLD
John Peck,Tigers,SS,58,Common,-0.1,58,0.0418,0.021,0.0,HOLD
Vidal Bruján,Free Agents,2B,57,Common,0.03,57,0.0418,0.0151,0.0,HOLD
Rudy Martin Jr.,Blue Jays,CF,57,Common,0.03,57,0.0418,0.0151,0.0,HOLD
Kendry Rojas,Twins,SP,66,Bronze,-0.02,66,0.0418,0.0519,-0.4,HOLD
Max Lazar,Phillies,RP,64,Common,-0.09,64,0.0417,0.0518,0.8,HOLD
Brendan Beck,Yankees,SP,62,Common,0.06,62,0.0417,0.0365,0.2,HOLD
Logan VanWey,Astros,RP,60,Common,-0.2,60,0.0417,0.0478,0.0,HOLD
Chris Devenski,Mets,CP,63,Common,-0.12,63,0.0416,0.0509,0.4,HOLD
Rodolfo Durán,Free Agents,C,56,Common,0.04,56,0.0416,0.0138,0.0,HOLD
Will Wilson,Free Agents,SS,57,Common,0.03,57,0.0416,0.0151,0.0,HOLD
Seth Martinez,Free Agents,RP,66,Bronze,-0.02,66,0.0416,0.0513,-0.4,HOLD
Carson Spiers,Reds,RP,60,Common,-0.2,60,0.0415,0.0474,0.0,HOLD
Chris Roycroft,Athletics,RP,58,Common,-0.24,58,0.0414,0.0434,0.0,HOLD
Jake Eder,Free Agents,SP,65,Bronze,-0.05,65,0.0414,0.0508,-1.0,HOLD
PJ Poulin,Free Agents,RP,65,Bronze,-0.05,65,0.0414,0.0508,-1.0,HOLD
Eric Lauer,Free Agents,RP,64,Common,-0.08,64,0.0413,0.0503,0.8,HOLD
Chris Paddack,Free Agents,SP,65,Bronze,-0.04,65,0.0413,0.0503,-1.0,HOLD
Jeremy Rivas,Free Agents,SS,56,Common,0.03,56,0.0412,0.0137,0.0,HOLD
Connor Brogdon,Free Agents,RP,66,Bronze,-0.0,66,0.0412,0.0498,-0.4,HOLD
Andre Granillo,Free Agents,RP,65,Bronze,-0.04,65,0.0412,0.0499,-1.0,HOLD
Jose Fleury,Free Agents,SP,65,Bronze,-0.04,65,0.0412,0.0499,-1.0,HOLD
Wikelman González,Marlins,RP,65,Bronze,-0.04,65,0.0412,0.0499,-1.0,HOLD
Logan Evans,Free Agents,SP,65,Bronze,-0.04,65,0.0412,0.0499,-1.0,HOLD
Dane Dunning,Free Agents,SP,65,Bronze,-0.04,65,0.0412,0.0499,-1.0,HOLD
Hector Neris,Free Agents,RP,65,Bronze,-0.04,65,0.0412,0.05,-1.0,HOLD
Codi Heuer,Orioles,CP,65,Bronze,-0.04,65,0.0412,0.05,-1.0,HOLD
Tekoah Roby,Cardinals,SP,65,Bronze,-0.04,65,0.0412,0.0501,-1.0,HOLD
Hunter Bigge,Athletics,RP,65,Bronze,-0.04,65,0.0412,0.0501,-1.0,HOLD
Rob Zastryzny,Free Agents,RP,65,Bronze,-0.04,65,0.0412,0.0501,-1.0,HOLD
Nestor Cortes Jr.,Phillies,RP,65,Bronze,-0.04,65,0.0412,0.0501,-1.0,HOLD
Joey Wentz,Free Agents,RP,65,Bronze,-0.04,65,0.0412,0.0502,-1.0,HOLD
Sean Keys,Blue Jays,3B,58,Common,-0.03,58,0.0411,0.0178,0.0,HOLD
Liam Hendriks,Free Agents,RP,65,Bronze,-0.04,65,0.0411,0.0495,-1.0,HOLD
Nick Raquet,Free Agents,RP,65,Bronze,-0.04,65,0.0411,0.0496,-1.0,HOLD
Hunter Barco,Pirates,SP,65,Bronze,-0.04,65,0.0411,0.0497,-1.0,HOLD
Colin Selby,Free Agents,RP,65,Bronze,-0.04,65,0.0411,0.0497,-1.0,HOLD
Luis Garcia,Free Agents,RP,65,Bronze,-0.04,65,0.0411,0.0497,-1.0,HOLD
Angel Zerpa,Free Agents,RP,65,Bronze,-0.04,65,0.0411,0.0497,-1.0,HOLD
Yunior Marte,Free Agents,RP,65,Bronze,-0.04,65,0.0411,0.0498,-1.0,HOLD
Andrew Nardi,Free Agents,RP,65,Bronze,-0.04,65,0.0411,0.0498,-1.0,HOLD
Patrick Corbin,Free Agents,RP,64,Common,-0.07,64,0.041,0.0493,0.8,HOLD
Armando Cruz,Free Agents,2B,56,Common,0.03,56,0.041,0.0137,0.0,HOLD
Ryan Fernandez,Cardinals,RP,65,Bronze,-0.04,65,0.041,0.0492,-1.0,HOLD
Oliver Ortega,Free Agents,RP,65,Bronze,-0.04,65,0.041,0.0494,-1.0,HOLD
Parker Chavers,Free Agents,LF,56,Common,0.03,56,0.0409,0.0137,0.0,HOLD
Tanner Rainey,Free Agents,RP,65,Bronze,-0.03,65,0.0409,0.0489,-1.0,HOLD
George Klassen,Angels,SP,65,Bronze,-0.04,65,0.0409,0.0491,-1.0,HOLD
José Suarez,Free Agents,RP,63,Common,-0.1,63,0.0408,0.0482,0.4,HOLD
Nick Roselli,Free Agents,2B,56,Common,0.03,56,0.0408,0.0137,0.0,HOLD
Ryan Galanie,Free Agents,1B,56,Common,0.03,56,0.0408,0.0137,0.0,HOLD
Joe Boyle,Rays,SP,65,Bronze,-0.03,65,0.0408,0.0486,-1.0,HOLD
Jack Brannigan,Pirates,SS,56,Common,0.03,56,0.0407,0.0137,0.0,HOLD
Pablo Reyes,Free Agents,3B,56,Common,0.03,56,0.0406,0.0137,0.0,HOLD
Douglas Glod,Free Agents,RF,54,Common,0.05,54,0.0406,0.0114,0.0,HOLD
Jonathan Ornelas,Free Agents,SS,56,Common,0.03,56,0.0405,0.0137,0.0,HOLD
Khristian Curtis,Pirates,SP,58,Common,0.09,58,0.0405,0.0263,0.0,HOLD
Braden Shewmake,Free Agents,2B,55,Common,0.04,55,0.0405,0.0125,0.0,HOLD
Hunter Stratton,Padres,RP,65,Bronze,-0.02,65,0.0405,0.0475,-1.0,HOLD
Bruce Zimmermann,Free Agents,SP,64,Common,-0.06,64,0.0404,0.0474,0.8,HOLD
Jose Cabrera,Diamondbacks,SP,60,Common,-0.17,60,0.0404,0.0442,0.0,HOLD
Eliezer Alfonzo,Dodgers,C,57,Common,0.01,57,0.0404,0.0151,0.0,HOLD
Yuli Gurriel,Free Agents,1B,56,Common,0.03,56,0.0404,0.0137,0.0,HOLD
Taijuan Walker,Free Agents,SP,65,Bronze,-0.02,65,0.0404,0.0473,-0.9,HOLD
Valente Bellozo,Rockies,RP,64,Common,-0.05,64,0.0403,0.047,0.8,HOLD
Cristian Mena,Free Agents,SP,64,Common,-0.05,64,0.0401,0.0464,0.8,HOLD
Braxton Roxby,Giants,RP,54,Common,0.11,54,0.0401,0.0188,0.0,HOLD
Lucas Gilbreath,Free Agents,RP,64,Common,-0.04,64,0.04,0.0461,0.8,HOLD
James McArthur,Royals,CP,64,Common,-0.04,64,0.04,0.0461,0.8,HOLD
Chris McMahon,Free Agents,SP,64,Common,-0.04,64,0.04,0.046,0.8,HOLD
Jake Bloss,Free Agents,SP,64,Common,-0.04,64,0.04,0.046,0.8,HOLD
Jordan Wicks,Cubs,RP,64,Common,-0.04,64,0.04,0.046,0.8,HOLD
Jordan Weems,Free Agents,SP,64,Common,-0.04,64,0.04,0.046,0.8,HOLD
Pierson Ohl,Free Agents,RP,64,Common,-0.04,64,0.04,0.046,0.8,HOLD
Jorge López,Free Agents,RP,64,Common,-0.04,64,0.04,0.0459,0.8,HOLD
Yosver Zulueta,Orioles,RP,64,Common,-0.04,64,0.04,0.0459,0.8,HOLD
Alek Jacob,Free Agents,RP,64,Common,-0.04,64,0.04,0.0459,0.8,HOLD
T.J. Sikkema,Free Agents,SP,64,Common,-0.04,64,0.04,0.0459,0.8,HOLD
Jackson Kowar,Free Agents,RP,64,Common,-0.04,64,0.04,0.0459,0.8,HOLD
Jesse Hahn,Free Agents,RP,64,Common,-0.04,64,0.0399,0.0458,0.8,HOLD
Connor Gillispie,Free Agents,SP,64,Common,-0.04,64,0.0399,0.0458,0.8,HOLD
Drew Smith,Free Agents,RP,64,Common,-0.04,64,0.0399,0.0458,0.8,HOLD
Michel Otañez,Free Agents,RP,64,Common,-0.04,64,0.0399,0.0458,0.8,HOLD
Leandro Lopez,Rangers,SP,64,Common,-0.04,64,0.0399,0.0458,0.8,HOLD
Jason Alexander,Free Agents,SP,64,Common,-0.04,64,0.0399,0.0457,0.8,HOLD
Nolan Kingham,Free Agents,SP,64,Common,-0.04,64,0.0399,0.0457,0.8,HOLD
Richard Fitts,Cardinals,RP,64,Common,-0.04,64,0.0399,0.0457,0.8,HOLD
Justin Anderson,Free Agents,RP,64,Common,-0.04,64,0.0399,0.0457,0.8,HOLD
Jackson Rutledge,Free Agents,RP,64,Common,-0.04,64,0.0399,0.0457,0.8,HOLD
Ty Adcock,Free Agents,RP,64,Common,-0.04,64,0.0399,0.0456,0.8,HOLD
Angel Perdomo,Free Agents,RP,64,Common,-0.04,64,0.0399,0.0456,0.8,HOLD
Prelander Berroa,Free Agents,SP,64,Common,-0.04,64,0.0399,0.0456,0.8,HOLD
Victor Lizarraga,Free Agents,SP,64,Common,-0.04,64,0.0399,0.0456,0.8,HOLD
Justin Lawrence,Free Agents,RP,63,Common,-0.07,63,0.0399,0.0454,0.4,HOLD
Patrick Clohisy,Free Agents,RF,54,Common,0.05,54,0.0399,0.0114,0.0,HOLD
Jacob Barnes,Free Agents,RP,64,Common,-0.04,64,0.0398,0.0455,0.8,HOLD
Ben Bowden,Free Agents,RP,64,Common,-0.04,64,0.0398,0.0455,0.8,HOLD
Andrew Walters,Guardians,RP,64,Common,-0.04,64,0.0398,0.0455,0.8,HOLD
Tink Hence,Free Agents,SP,64,Common,-0.04,64,0.0398,0.0455,0.8,HOLD
Jeff Criswell,Rockies,RP,64,Common,-0.04,64,0.0398,0.0454,0.8,HOLD
José Leclerc,Free Agents,RP,64,Common,-0.04,64,0.0398,0.0454,0.8,HOLD
Cade Gibson,Marlins,RP,64,Common,-0.04,64,0.0398,0.0454,0.8,HOLD
Joe Ross,Free Agents,RP,64,Common,-0.04,64,0.0398,0.0453,0.8,HOLD
Aaron Antonini,Free Agents,C,55,Common,0.03,55,0.0398,0.0125,0.0,HOLD
Brody Moore,Free Agents,SS,55,Common,0.03,55,0.0398,0.0125,0.0,HOLD
Brady Allen,Free Agents,CF,55,Common,0.03,55,0.0398,0.0125,0.0,HOLD
Curtis Washington Jr.,Free Agents,CF,55,Common,0.03,55,0.0398,0.0125,0.0,HOLD
Cameron Barstad,Free Agents,C,55,Common,0.03,55,0.0398,0.0125,0.0,HOLD
Milkar Pérez,Free Agents,1B,55,Common,0.03,55,0.0398,0.0125,0.0,HOLD
Josh Rojas,Royals,3B,57,Common,-0.05,57,0.0398,0.0168,0.0,HOLD
Kay-Lan Nicasia,Free Agents,RF,55,Common,0.03,55,0.0398,0.0125,0.0,HOLD
Dylan Shockley,Free Agents,C,55,Common,0.03,55,0.0398,0.0125,0.0,HOLD
Caleb Roberts,Free Agents,LF,55,Common,0.03,55,0.0398,0.0125,0.0,HOLD
Mario Camilletti,Free Agents,3B,55,Common,0.03,55,0.0398,0.0125,0.0,HOLD
Lucas Sims,Free Agents,RP,64,Common,-0.04,64,0.0397,0.0452,0.8,HOLD
Shaun Anderson,Free Agents,SP,64,Common,-0.04,64,0.0397,0.0451,0.8,HOLD
Drey Jameson,Diamondbacks,RP,64,Common,-0.04,64,0.0397,0.0451,0.8,HOLD
Alan Rangel,Phillies,SP,64,Common,-0.04,64,0.0397,0.045,0.8,HOLD
Ian Farrow,Free Agents,RF,55,Common,0.03,55,0.0397,0.0125,0.0,HOLD
Michael Trautwein,Free Agents,C,55,Common,0.03,55,0.0397,0.0125,0.0,HOLD
Jesús Bastidas,Free Agents,1B,55,Common,0.03,55,0.0397,0.0125,0.0,HOLD
Jack Blomgren,Free Agents,SS,55,Common,0.03,55,0.0397,0.0125,0.0,HOLD
Grae Kessinger,Free Agents,SS,55,Common,0.03,55,0.0397,0.0125,0.0,HOLD
Devin Ortiz,Free Agents,3B,55,Common,0.03,55,0.0397,0.0125,0.0,HOLD
Ethan Lege,Free Agents,3B,55,Common,0.03,55,0.0397,0.0125,0.0,HOLD
Tim Anderson,Free Agents,SS,55,Common,0.03,55,0.0397,0.0125,0.0,HOLD
Beau Taylor,Free Agents,C,55,Common,0.03,55,0.0397,0.0125,0.0,HOLD
Osvaldo Bido,Free Agents,RP,64,Common,-0.03,64,0.0396,0.0449,0.8,HOLD
Burch Smith,Free Agents,RP,64,Common,-0.03,64,0.0396,0.0446,0.8,HOLD
Noah Mendlinger,Cardinals,SS,55,Common,0.03,55,0.0396,0.0125,0.0,HOLD
Daniel Montesino,Free Agents,1B,55,Common,0.03,55,0.0396,0.0125,0.0,HOLD
Aeverson Arteaga,Free Agents,SS,55,Common,0.03,55,0.0396,0.0125,0.0,HOLD
Yacksel Rios,Free Agents,RP,63,Common,-0.06,63,0.0395,0.0441,0.4,HOLD
Cooper Ingle,Guardians,C,55,Common,0.03,55,0.0395,0.0125,0.0,HOLD
Matt Thaiss,Free Agents,C,55,Common,0.03,55,0.0395,0.0124,0.0,HOLD
Jose Herrera,Free Agents,C,55,Common,0.03,55,0.0395,0.0124,0.0,HOLD
David Villar,Free Agents,3B,55,Common,0.03,55,0.0395,0.0124,0.0,HOLD
Jake Bird,Nationals,CP,63,Common,-0.06,63,0.0394,0.044,0.4,HOLD
Luis Guillorme,Free Agents,2B,55,Common,0.03,55,0.0394,0.0124,0.0,HOLD
Hancel Rincon,Cardinals,RP,55,Common,0.1,55,0.0394,0.0203,0.0,HOLD
Maverick Handley,Free Agents,C,55,Common,0.03,55,0.0394,0.0124,0.0,HOLD
Jacob Hurtubise,Free Agents,LF,55,Common,0.03,55,0.0393,0.0124,0.0,HOLD
Tom Cosgrove,Free Agents,RP,63,Common,-0.06,63,0.0392,0.0433,0.4,HOLD
William Kempner,Free Agents,RP,63,Common,-0.06,63,0.0392,0.0433,0.4,HOLD
Austin Barnes,Free Agents,C,55,Common,0.03,55,0.0392,0.0124,0.0,HOLD
Grant Holman,Phillies,RP,62,Common,-0.09,62,0.0391,0.0427,0.2,HOLD
Yunior Marte,Giants,SP,61,Common,-0.11,61,0.039,0.0417,0.1,HOLD
Felix Reyes,Free Agents,1B,55,Common,0.02,55,0.039,0.0124,0.0,HOLD
Gabriel Hughes,Rockies,SP,64,Common,-0.01,64,0.0389,0.0425,0.8,HOLD
Jonathan Cannon,White Sox,RP,63,Common,-0.05,63,0.0389,0.0425,0.4,HOLD
Nick Bitsko,Free Agents,SP,63,Common,-0.05,63,0.0389,0.0424,0.4,HOLD
Kyle Backhus,Phillies,RP,63,Common,-0.04,63,0.0389,0.0423,0.4,HOLD
Shawn Dubin,Free Agents,RP,63,Common,-0.04,63,0.0388,0.0422,0.4,HOLD
Carl Edwards Jr.,Free Agents,RP,63,Common,-0.04,63,0.0388,0.0422,0.4,HOLD
Carson Whisenhunt,Free Agents,SP,63,Common,-0.04,63,0.0388,0.0422,0.4,HOLD
Davis Daniel,Free Agents,SP,63,Common,-0.04,63,0.0388,0.0422,0.4,HOLD
Moisés Chace,Phillies,SP,63,Common,-0.04,63,0.0388,0.0422,0.4,HOLD
Steven Zobac,Royals,SP,63,Common,-0.04,63,0.0388,0.0422,0.4,HOLD
Zach Penrod,Free Agents,SP,63,Common,-0.04,63,0.0388,0.0422,0.4,HOLD
Michael Mariot,Free Agents,RP,63,Common,-0.04,63,0.0388,0.0421,0.4,HOLD
Trey McGough,Free Agents,SP,63,Common,-0.04,63,0.0388,0.0421,0.4,HOLD
David Davalillo,Rangers,SP,63,Common,-0.04,63,0.0388,0.0421,0.4,HOLD
Tyson Miller,Free Agents,RP,63,Common,-0.04,63,0.0388,0.0421,0.4,HOLD
David Buchanan,Free Agents,SP,63,Common,-0.04,63,0.0388,0.0421,0.4,HOLD
Ryan Cardona,Free Agents,SP,63,Common,-0.04,63,0.0388,0.0421,0.4,HOLD
Justin Lange,Free Agents,SP,63,Common,-0.04,63,0.0388,0.0421,0.4,HOLD
Hyun-il Choi,Free Agents,SP,63,Common,-0.04,63,0.0388,0.0421,0.4,HOLD
Chandler Champlain,Free Agents,SP,63,Common,-0.04,63,0.0388,0.0421,0.4,HOLD
Gerson Moreno,Free Agents,RP,63,Common,-0.04,63,0.0388,0.0421,0.4,HOLD
Michael Plassmeyer,Free Agents,SP,63,Common,-0.04,63,0.0388,0.0421,0.4,HOLD
Chase Hampton,Cardinals,SP,63,Common,-0.04,63,0.0388,0.042,0.4,HOLD
Sawyer Gipson-Long,Tigers,SP,63,Common,-0.04,63,0.0388,0.042,0.4,HOLD
Mitchell Parker,Free Agents,RP,63,Common,-0.04,63,0.0388,0.042,0.4,HOLD
Christian MacLeod,Free Agents,SP,63,Common,-0.04,63,0.0388,0.042,0.4,HOLD
Rich Hill,Free Agents,SP,63,Common,-0.04,63,0.0388,0.042,0.4,HOLD
Jhancarlos Lara,Free Agents,SP,63,Common,-0.04,63,0.0388,0.042,0.4,HOLD
Tayler Scott,Free Agents,RP,63,Common,-0.04,63,0.0388,0.042,0.4,HOLD
Tommy Mace,Free Agents,SP,63,Common,-0.04,63,0.0388,0.042,0.4,HOLD
Daniel Robert,Free Agents,RP,63,Common,-0.04,63,0.0388,0.042,0.4,HOLD
Tyler Jay,Free Agents,RP,63,Common,-0.04,63,0.0388,0.042,0.4,HOLD
J.P. France,Free Agents,SP,63,Common,-0.04,63,0.0388,0.042,0.4,HOLD
Sauryn Lao,Free Agents,RP,63,Common,-0.04,63,0.0388,0.042,0.4,HOLD
Scott Bandura,Giants,LF,56,Common,-0.07,56,0.0388,0.016,0.0,HOLD
Hunter Feduccia,Dodgers,C,56,Common,-0.07,56,0.0388,0.016,0.0,HOLD
John McMillon,Free Agents,RP,63,Common,-0.04,63,0.0387,0.042,0.4,HOLD
Colin Poche,Free Agents,RP,63,Common,-0.04,63,0.0387,0.042,0.4,HOLD
Logan Allen,Guardians,RP,63,Common,-0.04,63,0.0387,0.0419,0.4,HOLD
Cody Poteet,Free Agents,SP,63,Common,-0.04,63,0.0387,0.0419,0.4,HOLD
Alexander Alberto,Free Agents,RP,63,Common,-0.04,63,0.0387,0.0419,0.4,HOLD
Adam Mazur,Free Agents,SP,63,Common,-0.04,63,0.0387,0.0419,0.4,HOLD
Génesis Cabrera,Free Agents,RP,63,Common,-0.04,63,0.0387,0.0419,0.4,HOLD
Asa Lacy,Free Agents,SP,63,Common,-0.04,63,0.0387,0.0419,0.4,HOLD
Alex Carrillo,Free Agents,RP,63,Common,-0.04,63,0.0387,0.0419,0.4,HOLD
Marcus Stroman,Free Agents,SP,63,Common,-0.04,63,0.0387,0.0419,0.4,HOLD
Bryce Montes de Oca,Free Agents,RP,63,Common,-0.04,63,0.0387,0.0419,0.4,HOLD
Paul Gervase,Dodgers,RP,63,Common,-0.04,63,0.0387,0.0419,0.4,HOLD
Henry Baez,Athletics,SP,63,Common,-0.04,63,0.0387,0.0419,0.4,HOLD
Thomas Harrington,Pirates,SP,63,Common,-0.04,63,0.0387,0.0418,0.4,HOLD
Jean Cabrera,Free Agents,SP,63,Common,-0.04,63,0.0387,0.0418,0.4,HOLD
John Means,Free Agents,SP,63,Common,-0.04,63,0.0387,0.0418,0.4,HOLD
Chase Solesky,Reds,SP,63,Common,-0.04,63,0.0387,0.0418,0.4,HOLD
Julian Merryweather,Free Agents,RP,63,Common,-0.04,63,0.0387,0.0418,0.4,HOLD
Thaddeus Ward,Free Agents,SP,63,Common,-0.04,63,0.0387,0.0418,0.4,HOLD
Brennan Malone,Free Agents,SP,63,Common,-0.04,63,0.0387,0.0418,0.4,HOLD
Xzavion Curry,Free Agents,RP,63,Common,-0.04,63,0.0387,0.0418,0.4,HOLD
Kyle Wright,Free Agents,SP,63,Common,-0.04,63,0.0387,0.0418,0.4,HOLD
Brett Kerry,Angels,SP,63,Common,-0.04,63,0.0387,0.0417,0.4,HOLD
McCade Brown,Free Agents,SP,63,Common,-0.04,63,0.0387,0.0417,0.4,HOLD
Johnny Tincher,Free Agents,C,54,Common,0.03,54,0.0387,0.0113,0.0,HOLD
Paxton Schultz,Nationals,RP,64,Common,-0.0,64,0.0386,0.0417,0.8,HOLD
Ethan Roberts,Cubs,RP,63,Common,-0.04,63,0.0386,0.0416,0.4,HOLD
Blake Adams,Rockies,SP,63,Common,-0.04,63,0.0386,0.0416,0.4,HOLD
Bailey Horn,Free Agents,RP,63,Common,-0.04,63,0.0386,0.0415,0.4,HOLD
Triston McKenzie,Free Agents,SP,63,Common,-0.04,63,0.0386,0.0415,0.4,HOLD
Nick Peoples,Free Agents,CF,54,Common,0.03,54,0.0386,0.0113,0.0,HOLD
Bjay Cooke,Free Agents,LF,52,Common,0.06,52,0.0386,0.0094,0.0,HOLD
Jose Espada,Free Agents,RP,62,Common,-0.07,62,0.0385,0.041,0.2,HOLD
Robert Stock,Mets,RP,62,Common,-0.07,62,0.0385,0.0407,0.2,HOLD
Jimmy Herget,Rockies,RP,63,Common,-0.03,63,0.0384,0.041,0.4,HOLD
Jose Corniell,Free Agents,RP,63,Common,-0.03,63,0.0384,0.0409,0.4,HOLD
Scott Alexander,Free Agents,RP,63,Common,-0.03,63,0.0384,0.0409,0.4,HOLD
Mark Manfredi,Rockies,RP,56,Common,-0.2,56,0.0384,0.0331,0.0,HOLD
Omar Martinez,Free Agents,C,54,Common,0.03,54,0.0382,0.0113,0.0,HOLD
Mason Black,Royals,RP,63,Common,-0.02,63,0.0381,0.0401,0.3,HOLD
Owen Murphy,Braves,SP,63,Common,-0.02,63,0.0381,0.0401,0.3,HOLD
Carlos Carrasco,Free Agents,SP,63,Common,-0.02,63,0.0381,0.0401,0.3,HOLD
Enmanuel De Jesus,Tigers,SP,63,Common,-0.02,63,0.0381,0.04,0.3,HOLD
Eric Orze,Twins,RP,62,Common,-0.05,62,0.0379,0.0393,0.2,HOLD
Reiver Sanmartin,Giants,RP,60,Common,-0.11,60,0.0379,0.0378,0.0,HOLD
Ryan Thompson,Free Agents,CP,61,Common,-0.08,61,0.0378,0.0383,0.1,HOLD
Hagen Danner,Free Agents,RP,62,Common,-0.04,62,0.0377,0.0386,0.2,HOLD
Dylan Ray,Diamondbacks,SP,62,Common,-0.04,62,0.0377,0.0386,0.2,HOLD
Joey Gerber,Free Agents,RP,62,Common,-0.04,62,0.0377,0.0386,0.2,HOLD
Carlos Rodriguez,Free Agents,SP,62,Common,-0.04,62,0.0377,0.0385,0.2,HOLD
Matt Allan,Free Agents,SP,62,Common,-0.04,62,0.0377,0.0385,0.2,HOLD
Nestor German,Free Agents,SP,62,Common,-0.04,62,0.0376,0.0385,0.2,HOLD
Jagger Haynes,Free Agents,SP,62,Common,-0.04,62,0.0376,0.0384,0.2,HOLD
Josh White,Marlins,RP,62,Common,-0.04,62,0.0376,0.0384,0.2,HOLD
Cameron Foster,Orioles,RP,62,Common,-0.04,62,0.0376,0.0384,0.2,HOLD
José Ruiz,Free Agents,RP,62,Common,-0.04,62,0.0376,0.0384,0.2,HOLD
Kendall Graveman,Free Agents,RP,62,Common,-0.04,62,0.0376,0.0384,0.2,HOLD
Rolddy Munoz,Braves,RP,62,Common,-0.04,62,0.0376,0.0384,0.2,HOLD
Eduarniel Núñez,Free Agents,CP,62,Common,-0.04,62,0.0376,0.0384,0.2,HOLD
Chen Zhong-Ao Zhuang,Free Agents,SP,62,Common,-0.04,62,0.0376,0.0383,0.2,HOLD
Aaron Rozek,Free Agents,SP,62,Common,-0.04,62,0.0376,0.0383,0.2,HOLD
Thomas Hatch,Free Agents,RP,62,Common,-0.04,62,0.0376,0.0383,0.2,HOLD
Kyle Tyler,Free Agents,SP,62,Common,-0.04,62,0.0376,0.0382,0.2,HOLD
Caden Dana,Angels,SP,62,Common,-0.04,62,0.0376,0.0382,0.2,HOLD
Winston Santos,Rangers,SP,62,Common,-0.04,62,0.0376,0.0382,0.2,HOLD
Cesar Franco,Free Agents,LF,53,Common,0.03,53,0.0376,0.0102,0.0,HOLD
Yilber Díaz,Tigers,RP,61,Common,-0.07,61,0.0375,0.0376,0.1,HOLD
Anthony Sherwin,Free Agents,3B,53,Common,0.03,53,0.0375,0.0102,0.0,HOLD
Victor Vodnik,Marlins,RP,63,Common,-0.0,63,0.0374,0.038,0.3,HOLD
Justin Topa,Free Agents,RP,62,Common,-0.04,62,0.0374,0.0378,0.2,HOLD
Kleimir Lemos,Free Agents,1B,53,Common,0.03,53,0.0374,0.0102,0.0,HOLD
Dylan Ross,Free Agents,RP,62,Common,0.01,62,0.0373,0.0351,0.2,HOLD
Jayden Murray,Cubs,RP,62,Common,-0.03,62,0.0372,0.0371,0.2,HOLD
Tyler Davis,White Sox,RP,59,Common,0.04,59,0.0372,0.0277,0.0,HOLD
Wade Miley,Free Agents,SP,62,Common,-0.03,62,0.0371,0.037,0.2,HOLD
Mike Paredes,Free Agents,RP,62,Common,0.01,62,0.037,0.035,0.2,HOLD
Franco Aleman,Guardians,RP,62,Common,-0.02,62,0.0369,0.0365,0.2,HOLD
Jonathan Pintaro,Mets,SP,58,Common,0.05,58,0.0369,0.0255,0.0,HOLD
Austin Gomber,Free Agents,SP,61,Common,-0.05,61,0.0368,0.0357,0.1,HOLD
Antonio Senzatela,Brewers,RP,62,Common,0.01,62,0.0367,0.0349,0.2,HOLD
Zach Thompson,Free Agents,SP,61,Common,-0.04,61,0.0367,0.0355,0.1,HOLD
Taylor Rashi,Free Agents,RP,61,Common,-0.04,61,0.0367,0.0354,0.1,HOLD
Ethan Small,Free Agents,SP,61,Common,-0.04,61,0.0367,0.0354,0.1,HOLD
Gerardo Carrillo,Diamondbacks,RP,59,Common,-0.1,59,0.0367,0.0338,0.0,HOLD
Drew Rom,Athletics,RP,56,Common,-0.15,56,0.0367,0.0299,0.0,HOLD
Eddy Isturiz,Free Agents,LF,52,Common,0.03,52,0.0367,0.0093,0.0,HOLD
Kyle Jones,Free Agents,SP,61,Common,-0.04,61,0.0366,0.0353,0.1,HOLD
Jack Cushing,Free Agents,SP,61,Common,-0.04,61,0.0366,0.0353,0.1,HOLD
Yoniel Curet,Free Agents,SP,61,Common,-0.04,61,0.0366,0.0353,0.1,HOLD
Griff McGarry,Free Agents,RP,61,Common,-0.04,61,0.0366,0.0353,0.1,HOLD
Parker Dunshee,Free Agents,SP,61,Common,-0.04,61,0.0366,0.0352,0.1,HOLD
John Brebbia,Free Agents,RP,61,Common,-0.04,61,0.0366,0.0352,0.1,HOLD
Alek Manoah,Free Agents,RP,61,Common,-0.04,61,0.0366,0.0351,0.1,HOLD
Marc Church,Free Agents,RP,61,Common,-0.04,61,0.0366,0.0351,0.1,HOLD
Garrett Stallings,Brewers,RP,57,Common,0.06,57,0.0366,0.0234,0.0,HOLD
Eric Rataczak,Free Agents,RF,52,Common,0.03,52,0.0366,0.0093,0.0,HOLD
David Smith,Free Agents,LF,52,Common,0.03,52,0.0366,0.0093,0.0,HOLD
Nathan Hickey,Free Agents,1B,52,Common,0.03,52,0.0366,0.0093,0.0,HOLD
Patrick Monteverde,Marlins,SP,61,Common,-0.04,61,0.0365,0.0351,0.1,HOLD
Nick Avila,Free Agents,RP,61,Common,-0.04,61,0.0365,0.0351,0.1,HOLD
Matt Sauer,Free Agents,RP,61,Common,-0.04,61,0.0365,0.0351,0.1,HOLD
Brooks Kriske,Free Agents,RP,61,Common,-0.04,61,0.0365,0.0351,0.1,HOLD
Welinton Herrera,Free Agents,RP,61,Common,-0.04,61,0.0365,0.035,0.1,HOLD
Dylan Covey,Free Agents,RP,61,Common,-0.04,61,0.0365,0.035,0.1,HOLD
Nick Nastrini,Free Agents,SP,61,Common,-0.04,61,0.0365,0.0349,0.1,HOLD
Bradley Hanner,Yankees,RP,60,Common,-0.07,60,0.0365,0.0344,0.0,HOLD
Vince Velasquez,Free Agents,RP,60,Common,-0.07,60,0.0365,0.0343,0.0,HOLD
Sean Sullivan,Rockies,SP,61,Common,-0.04,61,0.0364,0.0348,0.1,HOLD
Casey Kelly,Free Agents,SP,61,Common,-0.04,61,0.0364,0.0347,0.1,HOLD
Chase Petty,Reds,RP,62,Common,-0.0,62,0.0363,0.035,0.2,HOLD
Ryan Weiss,Free Agents,SP,61,Common,-0.03,61,0.0363,0.0345,0.1,HOLD
Taylor Rogers,Twins,RP,60,Common,0.02,60,0.0363,0.0297,0.0,HOLD
Jake Woodford,Free Agents,RP,56,Common,0.06,56,0.0361,0.0215,0.0,HOLD
Joe La Sorsa,Free Agents,RP,59,Common,-0.08,59,0.0361,0.0324,0.0,HOLD
Gus Varland,Nationals,RP,58,Common,-0.1,58,0.036,0.0311,0.0,HOLD
Nick Frasso,Rockies,RP,59,Common,-0.08,59,0.036,0.0322,0.0,HOLD
Jeffry Rosa,Free Agents,RF,51,Common,0.03,51,0.0359,0.0084,0.0,HOLD
Yeuni Munoz,Free Agents,RF,51,Common,0.03,51,0.0358,0.0084,0.0,HOLD
Jake Snider,Free Agents,RF,51,Common,0.03,51,0.0358,0.0084,0.0,HOLD
Blake Burkhalter,Braves,RP,60,Common,-0.05,60,0.0358,0.0325,0.0,HOLD
Jairo Iriarte,Free Agents,RP,60,Common,-0.04,60,0.0357,0.0323,0.0,HOLD
Jack Neely,Free Agents,CP,60,Common,-0.04,60,0.0357,0.0323,0.0,HOLD
Emiliano Teodo,Rangers,RP,60,Common,-0.04,60,0.0357,0.0324,0.0,HOLD
Trevor Kuncl,Reds,RP,60,Common,-0.04,60,0.0357,0.0324,0.0,HOLD
Ray Gaither,Free Agents,SP,60,Common,-0.04,60,0.0357,0.0324,0.0,HOLD
Amos Willingham,Free Agents,RP,60,Common,-0.04,60,0.0357,0.0324,0.0,HOLD
Gavin Collyer,Rangers,RP,61,Common,-0.01,61,0.0356,0.0327,0.1,HOLD
Trace Bright,Free Agents,SP,60,Common,-0.04,60,0.0356,0.0322,0.0,HOLD
Ryan Loutos,Free Agents,RP,60,Common,-0.04,60,0.0356,0.0321,0.0,HOLD
Ky Bush,Free Agents,SP,60,Common,-0.04,60,0.0356,0.0322,0.0,HOLD
Lyle Miller-Green,Free Agents,1B,51,Common,0.03,51,0.0356,0.0084,0.0,HOLD
Bailey Dees,Free Agents,SP,60,Common,-0.04,60,0.0356,0.0322,0.0,HOLD
Noah Dean,Free Agents,SP,60,Common,-0.04,60,0.0356,0.0323,0.0,HOLD
Lazaro Estrada,Free Agents,SP,60,Common,-0.04,60,0.0356,0.0321,0.0,HOLD
Karl Kauffmann,Free Agents,SP,60,Common,-0.04,60,0.0356,0.0322,0.0,HOLD
Burl Carraway,Free Agents,RP,60,Common,-0.04,60,0.0356,0.0321,0.0,HOLD
A.J. Puckett,Free Agents,SP,60,Common,-0.04,60,0.0356,0.0321,0.0,HOLD
Yorman Gómez,Guardians,SP,60,Common,-0.04,60,0.0356,0.0321,0.0,HOLD
Beck Way,Royals,RP,60,Common,-0.04,60,0.0355,0.032,0.0,HOLD
Dillon Tate,Free Agents,RP,60,Common,-0.04,60,0.0355,0.0321,0.0,HOLD
Nick Fraze,Free Agents,SP,60,Common,-0.04,60,0.0355,0.0321,0.0,HOLD
Alimber Santa,Free Agents,CP,59,Common,-0.06,59,0.0355,0.0311,0.0,HOLD
Mitch Bratt,Diamondbacks,SP,60,Common,-0.04,60,0.0355,0.0321,0.0,HOLD
Gregory Santos,Free Agents,RP,60,Common,-0.04,60,0.0355,0.032,0.0,HOLD
Chuckie Robinson,Free Agents,C,51,Common,0.03,51,0.0355,0.0084,0.0,HOLD
Mitch Spence,Royals,RP,60,Common,-0.04,60,0.0355,0.032,0.0,HOLD
Ian Anderson,Free Agents,SP,60,Common,-0.04,60,0.0355,0.032,0.0,HOLD
Chad Dallas,Blue Jays,SP,61,Common,-0.01,61,0.0354,0.0322,0.1,HOLD
Roddery Muñoz,Free Agents,RP,60,Common,-0.04,60,0.0354,0.0317,0.0,HOLD
Lyon Richardson,Brewers,RP,60,Common,-0.03,60,0.0353,0.0314,0.0,HOLD
Julian Aguiar,Cubs,RP,60,Common,-0.03,60,0.0352,0.0312,0.0,HOLD
Matt Hogan,Free Agents,LF,48,Common,0.05,48,0.0352,0.0063,0.0,HOLD
CJ Van Eyk,Blue Jays,RP,55,Common,-0.13,55,0.0352,0.0258,0.0,HOLD
Carlos Linárez,Free Agents,C,50,Common,0.03,50,0.0351,0.0076,0.0,HOLD
Wilton Lara,Free Agents,1B,50,Common,0.03,50,0.035,0.0076,0.0,HOLD
Eddy Rodriguez,Free Agents,LF,50,Common,0.03,50,0.035,0.0076,0.0,HOLD
Michael Snyder,Free Agents,1B,50,Common,0.03,50,0.035,0.0076,0.0,HOLD
Adam Macko,Rangers,SP,56,Common,-0.11,56,0.035,0.0268,0.0,HOLD
Jackson Hornung,Free Agents,1B,50,Common,0.03,50,0.035,0.0076,0.0,HOLD
Riley Martin,Free Agents,RP,59,Common,-0.05,59,0.035,0.0301,0.0,HOLD
Jack Moss,Free Agents,1B,48,Common,0.05,48,0.035,0.0063,0.0,HOLD
Elvis Peguero,Free Agents,RP,60,Common,-0.02,60,0.0349,0.0305,0.0,HOLD
Jack Anderson,Twins,RP,59,Common,-0.05,59,0.0349,0.0298,0.0,HOLD
Eddy Yean,Nationals,RP,57,Common,-0.09,57,0.0349,0.0278,0.0,HOLD
Christian Roa,Free Agents,RP,58,Common,-0.07,58,0.0348,0.0288,0.0,HOLD
Junior Fernández,Free Agents,RP,59,Common,-0.04,59,0.0348,0.0296,0.0,HOLD
Jake Miller,Tigers,SP,59,Common,-0.04,59,0.0348,0.0297,0.0,HOLD
Anthony Maldonado,Free Agents,RP,59,Common,-0.04,59,0.0348,0.0297,0.0,HOLD
McKinley Moore,Free Agents,RP,59,Common,-0.04,59,0.0348,0.0296,0.0,HOLD
Jayvien Sandridge,Free Agents,RP,59,Common,-0.04,59,0.0348,0.0297,0.0,HOLD
Jared Simpson,Nationals,RP,56,Common,0.04,56,0.0348,0.0212,0.0,HOLD
Yunior Tur,Athletics,RP,57,Common,-0.09,57,0.0348,0.0277,0.0,HOLD
Brett de Geus,Free Agents,RP,59,Common,-0.04,59,0.0348,0.0296,0.0,HOLD
Philip Abner,Mets,RP,59,Common,-0.04,59,0.0347,0.0295,0.0,HOLD
Domingo González,Free Agents,RP,59,Common,-0.04,59,0.0347,0.0294,0.0,HOLD
Parker Mushinski,Free Agents,RP,59,Common,-0.04,59,0.0347,0.0295,0.0,HOLD
Brandon Schaeffer,Free Agents,SP,59,Common,-0.04,59,0.0347,0.0294,0.0,HOLD
Julian Fernández,Free Agents,RP,58,Common,-0.07,58,0.0347,0.0285,0.0,HOLD
Andry Lara,Free Agents,RP,59,Common,-0.04,59,0.0347,0.0294,0.0,HOLD
Carson Coleman,Free Agents,RP,59,Common,-0.04,59,0.0347,0.0295,0.0,HOLD
Marco Raya,Twins,RP,59,Common,-0.04,59,0.0347,0.0294,0.0,HOLD
M.D. Johnson,Free Agents,SP,59,Common,-0.04,59,0.0347,0.0294,0.0,HOLD
Tyler Uberstine,Free Agents,SP,59,Common,-0.04,59,0.0346,0.0293,0.0,HOLD
Mike Clevinger,Free Agents,SP,59,Common,-0.04,59,0.0346,0.0293,0.0,HOLD
Peyton Pallette,Free Agents,RP,59,Common,-0.04,59,0.0346,0.0293,0.0,HOLD
Cole Wilcox,Mariners,RP,59,Common,-0.04,59,0.0346,0.0292,0.0,HOLD
T.J. McFarland,Free Agents,RP,59,Common,-0.04,59,0.0346,0.0293,0.0,HOLD
Cody Bolton,Free Agents,RP,59,Common,-0.04,59,0.0345,0.029,0.0,HOLD
Chayce McDermott,Mets,RP,59,Common,-0.04,59,0.0345,0.029,0.0,HOLD
Trevor Martin,Angels,RP,56,Common,-0.1,56,0.0344,0.0257,0.0,HOLD
Kohl Drake,Diamondbacks,SP,59,Common,-0.03,59,0.0344,0.0289,0.0,HOLD
Robert Ahlstrom,Rangers,RP,58,Common,-0.06,58,0.0344,0.028,0.0,HOLD
Aaron Sanchez,Free Agents,SP,57,Common,0.03,57,0.0344,0.0229,0.0,HOLD
Dom Hamel,Free Agents,RP,59,Common,-0.03,59,0.0343,0.0285,0.0,HOLD
Angel Chivilli,Yankees,RP,59,Common,-0.03,59,0.0342,0.0285,0.0,HOLD
Doug Nikhazy,Free Agents,RP,58,Common,-0.05,58,0.0341,0.0274,0.0,HOLD
Patrick Murphy,Free Agents,RP,53,Common,0.06,53,0.0341,0.0164,0.0,HOLD
Josh Hendrickson,Astros,RP,57,Common,-0.07,57,0.034,0.0262,0.0,HOLD
Cole Waites,Free Agents,RP,58,Common,-0.04,58,0.034,0.0271,0.0,HOLD
Wyatt Mills,Free Agents,RP,58,Common,-0.04,58,0.0339,0.027,0.0,HOLD
Brody Hopkins,Rays,RP,55,Common,0.04,55,0.0339,0.0193,0.0,HOLD
Miguel Mendez,Free Agents,RP,58,Common,-0.04,58,0.0339,0.027,0.0,HOLD
Zachary Cawyer,Free Agents,RP,58,Common,-0.04,58,0.0339,0.027,0.0,HOLD
Connor Cooke,Free Agents,RP,58,Common,-0.04,58,0.0339,0.0271,0.0,HOLD
Jarret Whorff,Free Agents,RP,58,Common,-0.04,58,0.0339,0.0271,0.0,HOLD
Walker Powell,Free Agents,SP,58,Common,-0.04,58,0.0339,0.027,0.0,HOLD
Tyler Owens,Free Agents,RP,58,Common,-0.04,58,0.0339,0.027,0.0,HOLD
Dugan Darnell,Free Agents,RP,58,Common,-0.04,58,0.0339,0.027,0.0,HOLD
Luarbert Arias,Free Agents,RP,58,Common,-0.04,58,0.0338,0.0269,0.0,HOLD
Scott McGough,Free Agents,RP,58,Common,-0.04,58,0.0338,0.0269,0.0,HOLD
Eduardo Rivera,Free Agents,SP,58,Common,-0.04,58,0.0338,0.0269,0.0,HOLD
Ricky Vanasco,Free Agents,RP,58,Common,-0.04,58,0.0338,0.0268,0.0,HOLD
Jordan Geber,Free Agents,RP,58,Common,-0.04,58,0.0338,0.0268,0.0,HOLD
Brian Kalmer,Free Agents,1B,48,Common,0.03,48,0.0338,0.0063,0.0,HOLD
Ben Kudrna,Royals,RP,58,Common,-0.04,58,0.0338,0.0269,0.0,HOLD
Joan Adon,Free Agents,RP,58,Common,-0.04,58,0.0338,0.0268,0.0,HOLD
Casey Lawrence,Free Agents,RP,58,Common,-0.04,58,0.0338,0.0268,0.0,HOLD
Eli Morgan,Free Agents,RP,58,Common,-0.04,58,0.0337,0.0267,0.0,HOLD
José Rodríguez,Blue Jays,RP,58,Common,-0.03,58,0.0336,0.0265,0.0,HOLD
Joey Estes,Athletics,RP,59,Common,0.0,59,0.0336,0.0267,0.0,HOLD
Kervin Castro,Free Agents,RP,57,Common,-0.06,57,0.0336,0.0255,0.0,HOLD
Josh Simpson,Mariners,RP,55,Common,-0.09,55,0.0335,0.0231,0.0,HOLD
Cole Percival,Free Agents,SP,57,Common,-0.05,57,0.0335,0.0253,0.0,HOLD
Logan Allen,Free Agents,SP,58,Common,-0.03,58,0.0335,0.0263,0.0,HOLD
Garrett Acton,Twins,CP,57,Common,-0.05,57,0.0334,0.0252,0.0,HOLD
Mason Thompson,Free Agents,RP,57,Common,-0.04,57,0.0333,0.0249,0.0,HOLD
Joe Rock,Athletics,RP,58,Common,-0.02,58,0.0333,0.0258,0.0,HOLD
D.J. Snelten,Free Agents,RP,57,Common,-0.04,57,0.0332,0.0248,0.0,HOLD
Gabe Mosser,Free Agents,RP,57,Common,-0.04,57,0.0332,0.0247,0.0,HOLD
Matthew Linskey,Free Agents,RP,57,Common,-0.04,57,0.0332,0.0248,0.0,HOLD
Ronan Kopp,Dodgers,RP,57,Common,-0.04,57,0.0332,0.0248,0.0,HOLD
Chris Stratton,Free Agents,RP,57,Common,-0.04,57,0.0332,0.0248,0.0,HOLD
Brandan Bidois,Marlins,RP,57,Common,-0.04,57,0.0332,0.0248,0.0,HOLD
RJ Petit,Free Agents,RP,57,Common,-0.04,57,0.0332,0.0247,0.0,HOLD
Touki Toussaint,Free Agents,RP,57,Common,-0.04,57,0.0332,0.0247,0.0,HOLD
Edwin Nuñez,Free Agents,RP,57,Common,-0.04,57,0.0332,0.0248,0.0,HOLD
Jonathan Hernández,Free Agents,RP,57,Common,-0.04,57,0.0332,0.0247,0.0,HOLD
Anderson Severino,Free Agents,RP,57,Common,-0.04,57,0.0332,0.0248,0.0,HOLD
Matt Pushard,Free Agents,RP,57,Common,-0.04,57,0.0332,0.0247,0.0,HOLD
Luis Castillo,Free Agents,SP,58,Common,0.01,58,0.0332,0.0245,0.0,HOLD
Ken Waldichuk,Free Agents,RP,57,Common,-0.04,57,0.0331,0.0246,0.0,HOLD
Kyle Nelson,Free Agents,RP,57,Common,-0.04,57,0.0331,0.0246,0.0,HOLD
Walter Pennington,Free Agents,RP,57,Common,-0.04,57,0.0331,0.0246,0.0,HOLD
Justin Garza,Free Agents,RP,57,Common,-0.04,57,0.0331,0.0246,0.0,HOLD
Luis Peralta,Free Agents,RP,57,Common,-0.04,57,0.0331,0.0247,0.0,HOLD
Jared Shuster,Free Agents,RP,57,Common,-0.04,57,0.0331,0.0246,0.0,HOLD
Jake Higginbotham,Free Agents,RP,57,Common,-0.04,57,0.0331,0.0246,0.0,HOLD
Austin Bergner,Free Agents,SP,57,Common,-0.04,57,0.0331,0.0246,0.0,HOLD
Antoine Kelly,Free Agents,RP,57,Common,-0.04,57,0.0331,0.0247,0.0,HOLD
Tanner McDougal,White Sox,RP,57,Common,-0.04,57,0.0331,0.0246,0.0,HOLD
Robinson Ortiz,Mariners,RP,57,Common,-0.04,57,0.0331,0.0246,0.0,HOLD
Seth Lonsway,Giants,SP,57,Common,-0.04,57,0.033,0.0245,0.0,HOLD
Sam Aldegheri,Angels,RP,57,Common,-0.04,57,0.0329,0.0243,0.0,HOLD
Cameron Weston,Mets,SP,56,Common,-0.05,56,0.0329,0.0233,0.0,HOLD
Tyler Samaniego,Red Sox,RP,57,Common,-0.03,57,0.0328,0.024,0.0,HOLD
Matt Waldron,Free Agents,RP,57,Common,-0.03,57,0.0328,0.024,0.0,HOLD
Tyler Schweitzer,White Sox,SP,54,Common,-0.08,54,0.0327,0.0208,0.0,HOLD
Sam Thoresen,Free Agents,RP,56,Common,-0.04,56,0.0325,0.0227,0.0,HOLD
Daison Acosta,Free Agents,RP,56,Common,-0.04,56,0.0325,0.0226,0.0,HOLD
Angel Bastardo,Free Agents,RP,56,Common,-0.04,56,0.0325,0.0226,0.0,HOLD
Lenny Torres,Free Agents,RP,56,Common,-0.04,56,0.0325,0.0227,0.0,HOLD
Helcris Olivarez,Free Agents,RP,56,Common,-0.04,56,0.0325,0.0226,0.0,HOLD
Mason Vinyard,Free Agents,RP,56,Common,-0.04,56,0.0325,0.0226,0.0,HOLD
Trent Sellers,Free Agents,RP,56,Common,-0.04,56,0.0325,0.0226,0.0,HOLD
Tyler Mattison,Free Agents,RP,56,Common,-0.04,56,0.0325,0.0227,0.0,HOLD
Andrew Bash,Free Agents,RP,56,Common,-0.04,56,0.0325,0.0226,0.0,HOLD
Germán Márquez,Free Agents,SP,57,Common,-0.02,57,0.0325,0.0236,0.0,HOLD
Trent Baker,Free Agents,RP,56,Common,-0.04,56,0.0324,0.0225,0.0,HOLD
Charlie Barnes,Free Agents,RP,56,Common,-0.04,56,0.0323,0.0224,0.0,HOLD
Luis Ortiz,Free Agents,RP,57,Common,-0.02,57,0.0323,0.0232,0.0,HOLD
Eric Cerantola,Free Agents,RP,55,Common,-0.05,55,0.0321,0.021,0.0,HOLD
Elmer Rodriguez,Yankees,SP,55,Common,-0.05,55,0.0321,0.021,0.0,HOLD
Peter Strzelecki,Free Agents,RP,55,Common,-0.05,55,0.0321,0.021,0.0,HOLD
Ben Peoples,Rangers,RP,56,Common,-0.03,56,0.0321,0.0221,0.0,HOLD
Tanner Andrews,Free Agents,RP,55,Common,-0.05,55,0.032,0.0209,0.0,HOLD
Max Rajcic,Free Agents,RP,55,Common,-0.04,55,0.032,0.0208,0.0,HOLD
Luis Contreras,Free Agents,RP,55,Common,-0.04,55,0.0319,0.0208,0.0,HOLD
Carlos Duran,Royals,RP,55,Common,-0.04,55,0.0319,0.0207,0.0,HOLD
Garrett Davila,Free Agents,RP,55,Common,-0.04,55,0.0319,0.0207,0.0,HOLD
Skylar Hales,Free Agents,RP,55,Common,-0.04,55,0.0319,0.0207,0.0,HOLD
Josh Fleming,Free Agents,RP,57,Common,-0.01,57,0.0319,0.0225,0.0,HOLD
Shinnosuke Ogasawara,Free Agents,RP,55,Common,-0.04,55,0.0319,0.0208,0.0,HOLD
Matt Merrill,Free Agents,RP,55,Common,-0.04,55,0.0319,0.0207,0.0,HOLD
Troy Watson,Mariners,RP,55,Common,-0.04,55,0.0319,0.0207,0.0,HOLD
Mat Olsen,Free Agents,RP,55,Common,-0.04,55,0.0319,0.0207,0.0,HOLD
Kelvin Cáceres,Free Agents,RP,55,Common,-0.04,55,0.0319,0.0207,0.0,HOLD
Eduardo Salazar,Free Agents,RP,55,Common,-0.04,55,0.0319,0.0207,0.0,HOLD
Joel Valdez,Free Agents,RP,55,Common,-0.04,55,0.0319,0.0207,0.0,HOLD
CD Pelham,Free Agents,RP,55,Common,-0.04,55,0.0319,0.0207,0.0,HOLD
Hayden Juenger,Athletics,RP,55,Common,-0.04,55,0.0319,0.0207,0.0,HOLD
Braden Nett,Free Agents,RP,55,Common,-0.04,55,0.0318,0.0205,0.0,HOLD
Joe Jacques,Free Agents,RP,55,Common,-0.04,55,0.0318,0.0206,0.0,HOLD
Bryce Conley,Free Agents,RP,55,Common,-0.04,55,0.0318,0.0206,0.0,HOLD
Andrew Pérez,Free Agents,RP,55,Common,-0.04,55,0.0318,0.0206,0.0,HOLD
Austin Pope,Free Agents,RP,55,Common,-0.04,55,0.0318,0.0205,0.0,HOLD
Coleman Crow,Brewers,SP,55,Common,-0.04,55,0.0318,0.0205,0.0,HOLD
Chase Watkins,Free Agents,RP,55,Common,-0.04,55,0.0318,0.0206,0.0,HOLD
Noah Murdock,Pirates,RP,55,Common,-0.04,55,0.0318,0.0206,0.0,HOLD
Nolan Hoffman,Royals,RP,56,Common,-0.02,56,0.0318,0.0216,0.0,HOLD
Leon Hunter Jr.,Free Agents,RP,55,Common,-0.04,55,0.0318,0.0206,0.0,HOLD
Colson Lawrence,Free Agents,RP,55,Common,-0.04,55,0.0318,0.0206,0.0,HOLD
Matt Krook,Free Agents,RP,55,Common,-0.04,55,0.0318,0.0206,0.0,HOLD
Peyton Glavine,Free Agents,RP,55,Common,-0.04,55,0.0318,0.0206,0.0,HOLD
Michael Walsh,Pirates,RP,55,Common,-0.04,55,0.0318,0.0206,0.0,HOLD
Jose Franco,Reds,RP,55,Common,-0.04,55,0.0317,0.0204,0.0,HOLD
Nick Davila,Free Agents,RP,56,Common,-0.02,56,0.0317,0.0214,0.0,HOLD
Wilkin Ramos,Free Agents,RP,55,Common,-0.04,55,0.0317,0.0205,0.0,HOLD
Penn Murfee,Free Agents,RP,54,Common,-0.04,54,0.0314,0.019,0.0,HOLD
Jhonathan Díaz,Free Agents,RP,53,Common,-0.06,53,0.0314,0.0179,0.0,HOLD
Jackson Grounds,Free Agents,RP,54,Common,-0.04,54,0.0314,0.019,0.0,HOLD
Dustin Saenz,Free Agents,RP,54,Common,-0.04,54,0.0313,0.0188,0.0,HOLD
Mitch Neunborn,Free Agents,RP,54,Common,-0.04,54,0.0313,0.0188,0.0,HOLD
Garrett Hawkins,Padres,RP,54,Common,-0.04,54,0.0313,0.0188,0.0,HOLD
Zach Brzykcy,Marlins,RP,54,Common,-0.04,54,0.0313,0.0188,0.0,HOLD
Rhett Kouba,Free Agents,RP,54,Common,-0.04,54,0.0313,0.0188,0.0,HOLD
Carter Baumler,Free Agents,RP,54,Common,-0.04,54,0.0313,0.0189,0.0,HOLD
Johnathan Rogers,Free Agents,RP,54,Common,-0.04,54,0.0313,0.0188,0.0,HOLD
Evan Kravetz,Free Agents,RP,54,Common,-0.04,54,0.0313,0.0188,0.0,HOLD
Sean Guenther,Free Agents,RP,54,Common,-0.04,54,0.0313,0.0188,0.0,HOLD
Connor Seabold,Free Agents,SP,55,Common,-0.01,55,0.0309,0.0193,0.0,HOLD
Ryan Harbin,Free Agents,RP,53,Common,-0.04,53,0.0309,0.0173,0.0,HOLD
Alex Cook,Rays,RP,50,Common,0.03,50,0.0309,0.0122,0.0,HOLD
Jordan Marks,Free Agents,RP,53,Common,-0.04,53,0.0308,0.0173,0.0,HOLD
Ross Carver,Free Agents,RP,53,Common,-0.04,53,0.0308,0.0172,0.0,HOLD
Andrew Hoffmann,Phillies,SP,55,Common,-0.01,55,0.0307,0.019,0.0,HOLD
Hayden Harris,Rockies,RP,53,Common,-0.04,53,0.0307,0.0171,0.0,HOLD
Carson Palmquist,Nationals,SP,53,Common,-0.04,53,0.0306,0.017,0.0,HOLD
Houston Roth,Free Agents,RP,52,Common,-0.04,52,0.0305,0.0158,0.0,HOLD
Osvaldo Berrios,Free Agents,RP,52,Common,-0.04,52,0.0305,0.0158,0.0,HOLD
Wil Jensen,Free Agents,RP,52,Common,-0.04,52,0.0304,0.0158,0.0,HOLD
Bayden Root,Free Agents,RP,51,Common,-0.04,51,0.0302,0.0145,0.0,HOLD
Ryan Brady,Free Agents,RP,51,Common,-0.04,51,0.0302,0.0144,0.0,HOLD
TJ Shook,Rockies,RP,51,Common,-0.04,51,0.0302,0.0145,0.0,HOLD
Brian Fitzpatrick,Free Agents,RP,51,Common,-0.04,51,0.0301,0.0143,0.0,HOLD
Lucas Braun,Free Agents,RP,51,Common,-0.04,51,0.0301,0.0144,0.0,HOLD
Sean Hunley,Free Agents,RP,50,Common,-0.04,50,0.03,0.0132,0.0,HOLD
Rob Griswold,Free Agents,RP,50,Common,-0.04,50,0.03,0.0133,0.0,HOLD
Duncan Davitt,Giants,SP,54,Common,0.0,54,0.0299,0.017,0.0,HOLD
Jacob Stretch,Free Agents,RP,49,Common,-0.05,49,0.0299,0.0122,0.0,HOLD
Kyle Whitten,Free Agents,RP,50,Common,-0.04,50,0.0298,0.0131,0.0,HOLD
Kade Morris,Athletics,SP,51,Common,-0.03,51,0.0298,0.0141,0.0,HOLD
Alex Rao,Free Agents,RP,49,Common,-0.04,49,0.0297,0.012,0.0,HOLD
Corbin Martin,Free Agents,RP,49,Common,-0.02,49,0.0291,0.0115,0.0,HOLD
